Time,JoyStick2Horizontal,JoyStick2Vertical,JoyStick3Vertical,JoyStick2Slider
0.000,0.0000,0.0000,0.0000,-1.0000
0.084,0.0000,0.0000,0.0000,-1.0000
0.160,0.0000,0.0000,0.0000,-1.0000
0.233,0.0000,0.0000,0.0000,-1.0000
0.302,0.0000,0.0000,0.0000,-1.0000
0.376,0.0000,0.0000,0.0000,-1.0000
0.449,0.0000,0.0000,0.0000,-1.0000
0.523,0.0000,0.0000,0.0000,-1.0000
0.598,0.0000,0.0000,0.0000,-1.0000
0.667,0.0000,0.0000,0.0000,-1.0000
0.736,0.0000,0.0000,0.0000,-1.0000
0.808,0.0000,0.0000,0.0000,-1.0000
0.877,0.0000,0.0000,0.0000,-1.0000
0.950,0.0000,0.0000,0.0000,-1.0000
1.004,0.0000,0.0000,0.0000,-1.0000
1.066,0.0000,0.0000,0.0000,-1.0000
1.124,0.0000,0.0000,0.0000,-1.0000
1.183,0.0000,0.0000,0.0000,-1.0000
1.253,0.0000,0.0000,0.0000,-1.0000
1.308,0.0000,0.0000,0.0000,-1.0000
1.366,0.0000,0.0000,0.0000,-1.0000
1.432,0.0000,0.0000,0.0000,-1.0000
1.492,0.0000,0.0000,0.0000,-1.0000
1.553,0.0000,0.0000,0.0000,-1.0000
1.613,0.0000,0.0000,0.0000,-1.0000
1.671,0.0000,0.0000,0.0000,-1.0000
1.731,0.0000,0.0000,0.0000,-1.0000
1.787,0.0000,0.0000,0.0000,-1.0000
1.846,0.0000,0.0000,0.0000,-1.0000
1.900,0.0000,0.0000,0.0000,-1.0000
1.962,0.0000,0.0000,0.0000,-1.0000
2.015,0.0000,0.0000,0.0000,-1.0000
2.073,0.0000,0.0000,0.0000,-1.0000
2.131,0.0000,0.0000,0.0000,-1.0000
2.185,0.0000,0.0000,0.0000,-1.0000
2.217,0.0000,0.0000,0.0000,-1.0000
2.248,0.0000,0.0000,0.0000,-1.0000
2.271,0.0000,0.0000,0.0000,-1.0000
2.294,0.0000,0.0000,0.0000,-1.0000
2.320,0.0000,0.0000,0.0000,-1.0000
2.344,0.0000,0.0000,0.0000,-1.0000
2.370,0.0000,0.0000,0.0000,-1.0000
2.399,0.0000,0.0000,0.0000,-1.0000
2.421,0.0000,0.0000,0.0000,-1.0000
2.448,0.0000,0.0000,0.0000,-1.0000
2.471,0.0000,0.0000,0.0000,-1.0000
2.495,0.0000,0.0000,0.0000,-1.0000
2.519,0.0000,0.0000,0.0000,-1.0000
2.543,0.0000,0.0000,0.0000,-1.0000
2.563,0.0000,0.0000,0.0000,-1.0000
2.588,0.0000,0.0000,0.0000,-1.0000
2.613,0.0000,0.0000,0.0000,-1.0000
2.638,0.0000,0.0000,0.0000,-1.0000
2.665,0.0000,0.0000,0.0000,-1.0000
2.687,0.0000,0.0000,0.0000,-1.0000
2.710,0.0000,0.0000,0.0000,-1.0000
2.735,0.0000,0.0000,0.0000,-1.0000
2.759,0.0000,0.0000,0.0000,-1.0000
2.780,0.0000,0.0000,0.0000,-1.0000
2.802,0.0000,0.0000,0.0000,-1.0000
2.828,0.0000,0.0000,0.0000,-1.0000
2.852,0.0000,0.0000,0.0000,-1.0000
2.873,0.0000,0.0000,0.0000,-1.0000
2.897,0.0000,0.0000,0.0000,-1.0000
2.923,0.0000,0.0000,0.0000,-1.0000
2.951,0.0000,0.0000,0.0000,-1.0000
2.976,0.0000,0.0000,0.0000,-1.0000
2.998,0.0000,0.0000,0.0000,-1.0000
3.019,0.0000,0.0000,0.0000,-1.0000
3.042,0.0000,0.0000,0.0000,-1.0000
3.069,0.0000,0.0000,0.0000,-1.0000
3.091,0.0000,0.0000,0.0000,-1.0000
3.115,0.0000,0.0000,0.0000,-1.0000
3.140,0.0000,0.0000,0.0000,-1.0000
3.165,0.0000,0.0000,0.0000,-1.0000
3.185,0.0000,0.0000,0.0000,-1.0000
3.210,0.0000,0.0000,0.0000,-1.0000
3.238,0.0000,0.0000,0.0000,-1.0000
3.261,0.0000,0.0000,0.0000,-1.0000
3.286,0.0000,0.0000,0.0000,-1.0000
3.306,0.0000,0.0000,0.0000,-1.0000
3.339,0.0000,0.0000,0.0000,-1.0000
3.359,0.0000,0.0000,0.0000,-1.0000
3.384,0.0000,0.0000,0.0000,-1.0000
3.405,0.0000,0.0000,0.0000,-1.0000
3.430,0.0000,0.0000,0.0000,-1.0000
3.453,0.0000,0.0000,0.0000,-1.0000
3.477,0.0000,0.0000,0.0000,-1.0000
3.502,0.0000,0.0000,0.0000,-1.0000
3.523,0.0000,0.0000,0.0000,-1.0000
3.547,0.0000,0.0000,0.0000,-1.0000
3.570,0.0000,0.0000,0.0000,-1.0000
3.594,0.0000,0.0000,0.0000,-1.0000
3.616,0.0000,0.0000,0.0000,-1.0000
3.639,0.0000,0.0000,0.0000,-1.0000
3.662,0.0000,0.0000,0.0000,-1.0000
3.686,0.0000,0.0000,0.0000,-1.0000
3.709,0.0000,0.0000,0.0000,-1.0000
3.731,0.0000,0.0000,0.0000,-1.0000
3.753,0.0000,0.0000,0.0000,-1.0000
3.781,0.0000,0.0000,0.0000,-1.0000
3.802,0.0000,0.0000,0.0000,-1.0000
3.827,0.0000,0.0000,0.0000,-1.0000
3.852,0.0000,0.0000,0.0000,-1.0000
3.877,0.0000,0.0000,0.0000,-1.0000
3.899,0.0000,0.0000,0.0000,-1.0000
3.922,0.0000,0.0000,0.0000,-1.0000
3.947,0.0000,0.0000,0.0000,-1.0000
3.971,0.0000,0.0000,0.0000,-1.0000
3.991,0.0000,0.0000,0.0000,-1.0000
4.013,0.0000,0.0000,0.0000,-1.0000
4.036,0.0000,0.0000,0.0000,-1.0000
4.064,0.0000,0.0000,0.0000,-1.0000
4.087,0.0000,0.0000,0.0000,-1.0000
4.109,0.0000,0.0000,0.0000,-1.0000
4.138,0.0000,0.0000,0.0000,-1.0000
4.162,0.0000,0.0000,0.0000,-1.0000
4.190,0.0000,0.0000,0.0000,-1.0000
4.212,0.0000,0.0000,0.0000,-1.0000
4.236,0.0000,0.0000,0.0000,-1.0000
4.260,0.0000,0.0000,0.0000,-1.0000
4.283,0.0000,0.0000,0.0000,-1.0000
4.307,0.0000,0.0000,0.0000,-1.0000
4.327,0.0000,0.0000,0.0000,-1.0000
4.350,0.0000,0.0000,0.0000,-1.0000
4.373,0.0000,0.0000,0.0000,-1.0000
4.395,0.0000,0.0000,0.0000,-1.0000
4.419,0.0000,0.0000,0.0000,-1.0000
4.442,0.0000,0.0000,0.0000,-1.0000
4.466,0.0000,0.0000,0.0000,-1.0000
4.490,0.0000,0.0000,0.0000,-1.0000
4.510,0.0000,0.0000,0.0000,-1.0000
4.534,0.0000,0.0000,0.0000,-1.0000
4.556,0.0000,0.0000,0.0000,-1.0000
4.577,0.0000,0.0000,0.0000,-1.0000
4.602,0.0000,0.0000,0.0000,-1.0000
4.625,0.0000,0.0000,0.0000,-1.0000
4.649,0.0000,0.0000,0.0000,-1.0000
4.671,0.0000,0.0000,0.0000,-1.0000
4.696,0.0000,0.0000,0.0000,-1.0000
4.724,0.0000,0.0000,0.0000,-1.0000
4.744,0.0000,0.0000,0.0000,-1.0000
4.769,0.0000,0.0000,0.0000,-1.0000
4.793,0.0000,0.0000,0.0000,-1.0000
4.812,0.0000,0.0000,0.0000,-1.0000
4.844,0.0000,0.0000,0.0000,-1.0000
4.865,0.0000,0.0000,0.0000,-1.0000
4.887,0.0000,0.0000,0.0000,-1.0000
4.916,0.0000,0.0000,0.0000,-1.0000
4.940,0.0000,0.0000,0.0000,-1.0000
4.963,0.0000,0.0000,0.0000,-1.0000
4.981,0.0000,0.0000,0.0000,-1.0000
5.004,0.0000,0.0000,0.0000,-1.0000
5.028,0.0000,0.0000,0.0000,-1.0000
5.052,0.0000,0.0000,0.0000,-1.0000
5.075,0.0000,0.0000,0.0000,-1.0000
5.098,0.0000,0.0000,0.0000,-1.0000
5.119,0.0000,0.0000,0.0000,-1.0000
5.143,0.0000,0.0000,0.0000,-1.0000
5.166,0.0000,0.0000,0.0000,-1.0000
5.188,0.0000,0.0000,0.0000,-1.0000
5.211,0.0000,0.0000,0.0000,-1.0000
5.230,0.0000,0.0000,0.0000,-1.0000
5.253,0.0000,0.0000,0.0000,-1.0000
5.277,0.0000,0.0000,0.0000,-1.0000
5.298,0.0000,0.0000,0.0000,-1.0000
5.322,0.0000,0.0000,0.0000,-1.0000
5.345,0.0000,0.0000,0.0000,-1.0000
5.369,0.0000,0.0000,0.0000,-1.0000
5.395,0.0000,0.0000,0.0000,-1.0000
5.425,0.0000,0.0000,0.0000,-1.0000
5.454,0.0000,0.0000,0.0000,-1.0000
5.480,0.0000,0.0000,0.0000,-1.0000
5.504,0.0000,0.0000,0.0000,-1.0000
5.530,0.0000,-0.0300,0.0000,-1.0000
5.555,0.0000,-0.1070,0.0000,-1.0000
5.583,0.0237,-0.1778,0.0000,-1.0000
5.611,0.1174,-0.2622,0.0000,-1.0000
5.637,0.2490,-0.3458,0.0000,-1.0000
5.664,0.3883,-0.4314,0.0000,-1.0000
5.695,0.5421,-0.5059,-0.0102,-1.0000
5.718,0.6551,-0.5480,-0.0176,-1.0000
5.741,0.7297,-0.5642,-0.0221,-1.0000
5.767,0.8238,-0.5834,-0.0245,-1.0000
5.790,0.9147,-0.5799,-0.0212,-1.0000
5.819,1.0000,-0.5773,-0.0089,-1.0000
5.841,1.0000,-0.5738,-0.0032,-1.0000
5.868,1.0000,-0.5726,0.0000,-1.0000
5.888,1.0000,-0.5681,0.0000,-1.0000
5.916,1.0000,-0.5521,0.0000,-1.0000
5.940,1.0000,-0.5346,0.0000,-1.0000
5.965,1.0000,-0.5220,0.0000,-1.0000
5.990,1.0000,-0.5033,0.0000,-1.0000
6.013,1.0000,-0.4706,0.0000,-1.0000
6.035,1.0000,-0.4497,0.0000,-1.0000
6.059,1.0000,-0.4289,0.0000,-1.0000
6.081,1.0000,-0.4268,0.0000,-1.0000
6.101,1.0000,-0.4318,0.0000,-1.0000
6.124,1.0000,-0.4397,0.0000,-1.0000
6.148,1.0000,-0.4409,0.0000,-1.0000
6.173,1.0000,-0.4502,0.0000,-1.0000
6.200,0.9839,-0.4364,0.0000,-1.0000
6.223,0.9090,-0.4144,0.0000,-1.0000
6.245,0.8067,-0.3939,0.0000,-1.0000
6.269,0.7055,-0.3821,0.0000,-1.0000
6.293,0.5435,-0.3721,0.0000,-1.0000
6.317,0.3644,-0.3515,0.0000,-1.0000
6.342,0.1512,-0.3013,0.0000,-1.0000
6.378,0.0000,-0.2266,0.0000,-1.0000
6.400,-0.0633,-0.2105,0.0000,-1.0000
6.423,-0.2052,-0.2160,0.0000,-1.0000
6.448,-0.3573,-0.2137,0.0000,-1.0000
6.470,-0.4635,-0.2278,0.0000,-1.0000
6.497,-0.6300,-0.2640,0.0000,-1.0000
6.524,-0.7489,-0.2960,0.0000,-1.0000
6.551,-0.8405,-0.3496,0.0000,-1.0000
6.579,-0.8717,-0.4469,-0.0024,-1.0000
6.606,-0.8495,-0.5829,-0.0097,-1.0000
6.633,-0.8084,-0.7834,-0.0129,-1.0000
6.659,-0.7550,-0.9282,-0.0111,-1.0000
6.688,-0.6812,-1.0000,-0.0096,-1.0000
6.716,-0.6009,-1.0000,-0.0104,-1.0000
6.739,-0.5387,-1.0000,-0.0123,-1.0000
6.766,-0.4916,-1.0000,-0.0140,-1.0000
6.789,-0.4584,-1.0000,-0.0175,-1.0000
6.816,-0.4055,-1.0000,-0.0196,-1.0000
6.839,-0.3762,-1.0000,-0.0190,-1.0000
6.864,-0.3618,-1.0000,-0.0180,-1.0000
6.886,-0.3580,-1.0000,-0.0164,-1.0000
6.914,-0.3581,-1.0000,-0.0164,-1.0000
6.941,-0.3524,-1.0000,-0.0186,-1.0000
6.965,-0.3458,-1.0000,-0.0189,-1.0000
6.988,-0.3382,-1.0000,-0.0198,-1.0000
7.014,-0.3328,-1.0000,-0.0192,-1.0000
7.039,-0.3293,-1.0000,-0.0197,-1.0000
7.062,-0.3293,-1.0000,-0.0198,-1.0000
7.085,-0.3291,-1.0000,-0.0196,-1.0000
7.108,-0.3291,-1.0000,-0.0189,-1.0000
7.134,-0.3287,-1.0000,-0.0180,-1.0000
7.157,-0.3278,-1.0000,-0.0167,-1.0000
7.183,-0.3240,-1.0000,-0.0144,-1.0000
7.208,-0.3203,-1.0000,-0.0132,-1.0000
7.233,-0.3102,-1.0000,-0.0111,-1.0000
7.258,-0.2934,-1.0000,-0.0108,-1.0000
7.285,-0.2655,-1.0000,-0.0108,-1.0000
7.307,-0.2436,-1.0000,-0.0108,-1.0000
7.332,-0.2141,-1.0000,-0.0098,-1.0000
7.358,-0.1768,-1.0000,-0.0098,-1.0000
7.387,-0.1126,-1.0000,-0.0133,-1.0000
7.412,-0.0711,-1.0000,-0.0146,-1.0000
7.438,-0.0488,-1.0000,-0.0171,-1.0000
7.462,-0.0449,-1.0000,-0.0195,-1.0000
7.485,-0.0230,-1.0000,-0.0220,-1.0000
7.509,0.0000,-1.0000,-0.0250,-1.0000
7.536,0.0000,-1.0000,-0.0291,-1.0000
7.564,0.0000,-1.0000,-0.0325,-1.0000
7.589,0.0000,-1.0000,-0.0359,-1.0000
7.620,0.0000,-1.0000,-0.0384,-1.0000
7.644,0.0000,-1.0000,-0.0409,-1.0000
7.669,0.0000,-1.0000,-0.0443,-1.0000
7.695,0.0000,-1.0000,-0.0477,-1.0000
7.720,0.0000,-1.0000,-0.0518,-1.0000
7.748,0.0000,-1.0000,-0.0556,-1.0000
7.776,0.0000,-1.0000,-0.0584,-1.0000
7.805,0.0000,-1.0000,-0.0615,-1.0000
7.831,0.0000,-1.0000,-0.0629,-1.0000
7.858,0.0000,-1.0000,-0.0628,-1.0000
7.884,0.0000,-1.0000,-0.0628,-1.0000
7.908,0.0000,-1.0000,-0.0628,-1.0000
7.933,0.0000,-1.0000,-0.0628,-1.0000
7.955,0.0000,-1.0000,-0.0625,-1.0000
7.987,0.0000,-1.0000,-0.0616,-1.0000
8.010,0.0000,-1.0000,-0.0601,-1.0000
8.035,0.0000,-1.0000,-0.0570,-1.0000
8.056,0.0000,-1.0000,-0.0552,-1.0000
8.082,0.0000,-1.0000,-0.0515,-1.0000
8.105,0.0000,-1.0000,-0.0480,-1.0000
8.128,0.0000,-1.0000,-0.0433,-1.0000
8.153,0.0000,-1.0000,-0.0398,-1.0000
8.179,0.0000,-1.0000,-0.0375,-1.0000
8.203,0.0000,-1.0000,-0.0357,-1.0000
8.227,0.0000,-0.9975,-0.0306,-1.0000
8.252,0.0000,-0.9382,-0.0253,-1.0000
8.274,0.0000,-0.8963,-0.0218,-1.0000
8.299,0.0000,-0.8195,-0.0147,-1.0000
8.321,0.0000,-0.7644,-0.0044,-1.0000
8.346,0.0000,-0.6748,0.0000,-1.0000
8.372,0.0000,-0.5729,0.0000,-1.0000
8.397,0.0000,-0.4574,0.0000,-1.0000
8.421,0.0000,-0.3254,0.0000,-1.0000
8.447,0.0000,-0.2268,0.0000,-1.0000
8.467,0.0000,-0.0928,0.0000,-1.0000
8.494,0.0000,0.0000,0.0000,-1.0000
8.517,0.0000,0.0000,0.0000,-1.0000
8.539,0.0000,0.0000,0.0000,-1.0000
8.564,0.0000,0.0000,0.0000,-1.0000
8.586,0.0000,0.0000,0.0000,-1.0000
8.610,0.0000,0.0000,0.0000,-1.0000
8.635,0.0000,0.0000,0.0000,-1.0000
8.658,0.0000,0.0000,0.0000,-1.0000
8.680,0.0000,0.0000,0.0000,-1.0000
8.704,0.0000,0.0000,0.0000,-1.0000
8.726,0.0000,0.0000,0.0000,-1.0000
8.750,0.0000,0.0000,0.0000,-1.0000
8.773,0.0000,0.0000,0.0000,-1.0000
8.799,0.0000,0.0000,0.0000,-1.0000
8.826,0.0000,0.0000,0.0000,-1.0000
8.849,0.0000,0.0000,0.0000,-1.0000
8.873,0.0000,0.0000,0.0000,-1.0000
8.899,0.0000,0.0000,0.0000,-1.0000
8.922,0.0000,0.0000,0.0000,-1.0000
8.946,0.0000,0.0000,0.0000,-1.0000
8.968,0.0000,0.0000,-0.0016,-1.0000
8.991,0.0000,0.0000,-0.0086,-1.0000
9.016,0.0000,0.0000,-0.0092,-1.0000
9.040,0.0000,0.0000,-0.0084,-1.0000
9.066,0.0000,0.0000,-0.0034,-1.0000
9.093,0.0000,0.0000,0.0000,-1.0000
9.117,0.0000,0.0000,0.0000,-1.0000
9.139,0.0000,0.0000,0.0000,-1.0000
9.167,0.0000,0.0000,-0.0003,-1.0000
9.190,0.0000,0.0000,-0.0019,-1.0000
9.214,0.0000,0.0000,-0.0037,-1.0000
9.239,0.0000,0.0000,-0.0062,-1.0000
9.259,0.0000,0.0000,-0.0072,-1.0000
9.282,0.0000,0.0000,-0.0075,-1.0000
9.310,0.0000,0.0000,-0.0075,-1.0000
9.334,0.0000,0.0000,-0.0068,-1.0000
9.356,0.0000,0.0000,-0.0067,-1.0000
9.382,0.0000,0.0000,-0.0067,-1.0000
9.406,0.0000,0.0000,-0.0056,-1.0000
9.432,0.0000,0.0000,0.0000,-1.0000
9.455,0.0000,0.0000,0.0000,-1.0000
9.481,0.0000,0.0000,0.0000,-1.0000
9.502,0.0000,0.0000,0.0000,-1.0000
9.525,0.0000,0.0000,0.0000,-1.0000
9.559,0.0000,0.0000,0.0000,-1.0000
9.580,0.0000,0.0000,0.0000,-1.0000
9.603,0.0000,0.0000,0.0000,-1.0000
9.630,0.0000,0.0000,0.0000,-1.0000
9.651,0.0000,0.0000,0.0000,-1.0000
9.675,0.0000,0.0000,0.0000,-1.0000
9.702,0.0000,0.0000,0.0000,-1.0000
9.727,0.0000,0.0000,0.0000,-1.0000
9.751,0.0000,0.0000,0.0000,-1.0000
9.774,0.0000,0.0000,0.0000,-1.0000
9.796,0.0000,0.0000,0.0000,-1.0000
9.817,0.0000,0.0000,-0.0132,-1.0000
9.843,0.0000,0.0000,-0.0757,-1.0000
9.866,0.0000,0.0000,-0.1646,-1.0000
9.890,0.0000,0.0000,-0.2672,-1.0000
9.916,0.0000,0.0000,-0.3760,-1.0000
9.941,0.0000,0.0000,-0.4763,-1.0000
9.966,0.0000,0.0000,-0.5500,-1.0000
9.991,0.0000,0.0000,-0.6694,-1.0000
10.013,0.0000,0.0000,-0.7368,-1.0000
10.040,0.0000,0.0000,-0.8218,-1.0000
10.065,0.0000,0.0000,-0.8962,-1.0000
10.089,0.0000,0.0000,-0.9525,-1.0000
10.113,0.0000,0.0000,-0.9903,-1.0000
10.140,0.0000,0.0000,-1.0000,-1.0000
10.164,0.0000,0.0000,-1.0000,-1.0000
10.190,0.0000,0.0000,-1.0000,-1.0000
10.216,0.0000,0.0000,-1.0000,-1.0000
10.241,0.0000,0.0000,-1.0000,-1.0000
10.271,0.0000,0.0000,-1.0000,-1.0000
10.295,0.0000,0.0000,-1.0000,-1.0000
10.321,0.0000,0.0000,-1.0000,-1.0000
10.346,0.0000,0.0000,-1.0000,-1.0000
10.372,0.0000,0.0000,-1.0000,-1.0000
10.395,0.0000,0.0000,-1.0000,-1.0000
10.419,0.0000,0.0000,-1.0000,-1.0000
10.442,0.0000,0.0000,-1.0000,-1.0000
10.468,0.0000,0.0000,-1.0000,-1.0000
10.490,0.0000,0.0000,-1.0000,-1.0000
10.514,0.0000,0.0000,-1.0000,-1.0000
10.537,0.0000,0.0000,-1.0000,-1.0000
10.562,0.0000,0.0000,-1.0000,-1.0000
10.584,0.0000,0.0000,-1.0000,-1.0000
10.605,0.0000,0.0000,-1.0000,-1.0000
10.630,0.0000,0.0000,-1.0000,-1.0000
10.653,0.0000,0.0000,-1.0000,-1.0000
10.679,0.0000,0.0000,-1.0000,-1.0000
10.703,0.0000,0.0000,-1.0000,-1.0000
10.724,0.0000,0.0000,-1.0000,-1.0000
10.750,0.0000,0.0000,-1.0000,-1.0000
10.772,0.0000,0.0000,-1.0000,-1.0000
10.798,0.0000,0.0000,-1.0000,-1.0000
10.821,0.0000,0.0000,-1.0000,-1.0000
10.845,0.0000,0.0000,-1.0000,-1.0000
10.872,0.0000,0.0000,-0.9983,-1.0000
10.898,0.0000,0.0000,-0.9398,-1.0000
10.920,0.0000,0.0000,-0.8603,-1.0000
10.943,0.0000,0.0000,-0.7816,-1.0000
10.966,0.0000,0.0000,-0.6501,-1.0000
10.994,0.0000,0.0000,-0.5142,-1.0000
11.024,0.0000,0.0000,-0.3639,-1.0000
11.051,0.0000,0.0000,-0.2630,-1.0000
11.079,0.0000,0.0000,-0.1393,-1.0000
11.105,0.0000,0.0000,-0.0525,-1.0000
11.132,0.0000,0.0000,0.0000,-1.0000
11.161,0.0000,0.0000,0.0000,-1.0000
11.194,0.0000,0.0000,0.0000,-1.0000
11.218,0.0000,0.0000,0.0000,-1.0000
11.242,0.0000,0.0000,0.0000,-1.0000
11.273,0.0000,0.0000,0.0000,-1.0000
11.297,0.0000,0.0000,0.0000,-1.0000
11.324,0.0000,0.0000,0.0718,-1.0000
11.354,0.0000,0.0000,0.1571,-1.0000
11.381,0.0000,0.0000,0.2212,-1.0000
11.405,0.0000,0.0000,0.2844,-1.0000
11.437,0.0000,0.0000,0.3724,-1.0000
11.466,0.0000,0.0000,0.4660,-1.0000
11.494,0.0000,0.0000,0.5378,-1.0000
11.520,0.0000,0.0000,0.6036,-1.0000
11.546,0.0000,0.0000,0.6671,-1.0000
11.575,0.0000,0.0000,0.7326,-1.0000
11.602,0.0000,0.0000,0.7739,-1.0000
11.629,0.0000,0.0000,0.8098,-1.0000
11.657,0.0000,0.0000,0.8423,-1.0000
11.683,0.0000,0.0000,0.8598,-1.0000
11.708,0.0000,0.0000,0.8755,-1.0000
11.732,0.0000,0.0000,0.8902,-1.0000
11.762,0.0000,0.0000,0.9018,-1.0000
11.787,0.0000,0.0000,0.9128,-1.0000
11.814,0.0000,0.0000,0.9212,-1.0000
11.838,0.0000,0.0000,0.9218,-1.0000
11.861,0.0000,0.0000,0.9218,-1.0000
11.888,0.0000,0.0000,0.9216,-1.0000
11.915,0.0000,0.0000,0.9214,-1.0000
11.940,0.0000,0.0000,0.9114,-1.0000
11.967,0.0000,0.0000,0.8983,-1.0000
11.994,0.0000,0.0000,0.8787,-1.0000
12.019,0.0000,0.0000,0.8323,-1.0000
12.043,0.0000,0.0000,0.7922,-1.0000
12.067,0.0000,0.0000,0.7237,-1.0000
12.093,0.0000,0.0000,0.6445,-1.0000
12.117,0.0000,0.0000,0.5547,-1.0000
12.144,0.0000,0.0000,0.4608,-1.0000
12.170,0.0000,0.0000,0.3433,-1.0000
12.195,0.0000,0.0000,0.2470,-1.0000
12.216,0.0000,0.0000,0.1756,-1.0000
12.240,0.0000,0.0000,0.1001,-1.0000
12.267,0.0000,0.0000,0.0000,-1.0000
12.291,0.0000,0.0000,0.0000,-1.0000
12.317,0.0000,0.0000,0.0000,-1.0000
12.343,0.0000,0.0000,0.0000,-1.0000
12.367,0.0000,0.0000,0.0000,-1.0000
12.395,0.0000,0.0000,0.0000,-1.0000
12.428,0.0000,0.0000,0.0000,-1.0000
12.452,0.0000,0.0000,0.0000,-1.0000
12.481,0.0000,0.0000,0.0000,-1.0000
12.506,0.0000,0.0000,0.0000,-1.0000
12.533,0.0000,0.0000,0.0000,-1.0000
12.556,0.0000,0.0000,0.0000,-1.0000
12.584,0.0000,0.0000,0.0000,-1.0000
12.613,0.0000,0.0000,0.0000,-1.0000
12.637,0.0000,0.0000,0.0000,-1.0000
12.660,0.0000,0.0000,0.0000,-1.0000
12.688,0.0000,0.0000,0.0000,-1.0000
12.715,0.0000,0.0000,0.0000,-1.0000
12.741,0.0000,0.0000,0.0000,-1.0000
12.768,0.0000,0.0000,0.0000,-1.0000
12.791,0.0000,0.0000,0.0000,-1.0000
12.818,0.0000,0.0000,0.0000,-1.0000
12.846,0.0000,0.0000,0.0000,-1.0000
12.872,0.0000,0.0000,0.0000,-1.0000
12.900,0.0000,0.0000,0.0000,-1.0000
12.930,0.0000,0.0000,0.0000,-1.0000
12.949,0.0000,0.0000,0.0000,-1.0000
12.973,0.0000,0.0000,0.0000,-1.0000
12.998,0.0000,0.0000,0.0000,-1.0000
13.020,0.0000,0.0000,0.0000,-1.0000
13.048,0.0000,0.0000,0.0000,-1.0000
13.069,0.0000,0.0000,0.0000,-1.0000
13.096,0.0000,0.0000,0.0000,-1.0000
13.121,0.0000,0.0000,0.0000,-1.0000
13.145,0.0000,0.0000,0.0000,-1.0000
13.172,0.0000,0.0000,0.0000,-1.0000
13.197,0.0000,0.0000,0.0000,-1.0000
13.219,0.0000,0.0000,0.0000,-1.0000
13.243,0.0000,0.0000,0.0000,-1.0000
13.267,0.0000,0.0000,0.0000,-1.0000
13.295,0.0000,0.0000,0.0000,-1.0000
13.320,0.0000,0.0000,0.0000,-1.0000
13.346,0.0000,0.0000,0.0000,-1.0000
13.371,0.0000,0.0000,0.0000,-1.0000
13.398,0.0000,0.0000,0.0000,-1.0000
13.418,0.0000,0.0000,0.0000,-1.0000
13.443,0.0000,0.0000,0.0000,-1.0000
13.472,0.0000,0.0000,0.0000,-1.0000
13.495,0.0000,0.0000,0.0000,-1.0000
13.520,0.0000,0.0000,0.0000,-1.0000
13.546,0.0000,0.0000,0.0000,-1.0000
13.567,0.0000,0.0000,0.0000,-1.0000
13.594,0.0000,0.0000,0.0000,-1.0000
13.624,0.0000,0.0000,0.0000,-1.0000
13.651,0.0000,0.0000,0.0000,-1.0000
13.679,0.0000,0.0000,0.0000,-1.0000
13.704,0.0000,0.0000,0.0000,-1.0000
13.733,0.0000,0.0000,0.0000,-1.0000
13.768,0.0000,0.0000,0.0000,-1.0000
13.791,0.0000,0.0000,0.0000,-1.0000
13.813,0.0000,0.0000,0.0000,-1.0000
13.839,0.0000,0.0000,0.0000,-1.0000
13.867,0.0000,0.0000,0.0000,-1.0000
13.893,0.0000,0.0000,0.0000,-1.0000
13.926,0.0000,0.0000,0.0000,-1.0000
13.951,0.0000,0.0000,0.0000,-1.0000
13.977,0.0000,0.0000,0.0000,-1.0000
14.007,0.0000,0.0000,0.0000,-1.0000
14.035,0.0000,0.0000,0.0000,-1.0000
14.058,0.0000,0.0000,0.0000,-1.0000
14.088,0.0000,0.0000,0.0000,-1.0000
14.117,0.0000,0.0000,0.0000,-1.0000
14.139,0.0000,0.0000,0.0000,-1.0000
14.165,0.0000,0.0000,0.0000,-1.0000
14.190,0.0000,0.0000,0.0000,-1.0000
14.222,0.0000,0.0000,0.0000,-1.0000
14.247,0.0000,0.0000,0.0000,-1.0000
14.273,0.0000,0.0000,0.0000,-1.0000
14.298,0.0000,0.0000,0.0000,-1.0000
14.321,0.0000,0.0000,0.0000,-1.0000
14.349,0.0000,0.0000,0.0000,-1.0000
14.376,0.0000,0.0000,0.0000,-1.0000
14.402,0.0000,0.0000,0.0000,-1.0000
14.427,0.0000,0.0000,0.0000,-1.0000
14.454,0.0000,0.0000,0.0000,-1.0000
14.478,0.0000,0.0000,0.0000,-1.0000
14.505,0.0000,0.0000,0.0000,-1.0000
14.532,0.0000,0.0000,0.0000,-1.0000
14.557,0.0000,0.0000,0.0000,-1.0000
14.577,0.0000,0.0000,0.0000,-1.0000
14.605,0.0000,0.0000,0.0000,-1.0000
14.629,0.0000,0.0000,0.0000,-1.0000
14.663,0.0000,0.0000,0.0000,-1.0000
14.686,0.0000,0.0000,0.0000,-1.0000
14.715,0.0000,0.0000,0.0000,-1.0000
14.739,0.0000,0.0000,0.0000,-1.0000
14.767,0.0000,0.0000,0.0000,-1.0000
14.794,0.0000,0.0000,0.0000,-1.0000
14.824,0.0000,0.0000,0.0000,-1.0000
14.848,0.0000,0.0000,0.0000,-1.0000
14.875,0.0000,0.0000,0.0000,-1.0000
14.904,0.0000,0.0000,0.0000,-1.0000
14.932,0.0000,0.0000,0.0000,-1.0000
14.960,0.0000,0.0000,0.0000,-1.0000
14.989,0.0000,0.0000,0.0000,-1.0000
15.018,0.0000,0.0000,0.0000,-1.0000
15.048,0.0000,0.0000,0.0000,-1.0000
15.076,0.0000,0.0000,0.0000,-1.0000
15.099,0.0000,0.0000,0.0000,-1.0000
15.121,0.0000,0.0000,0.0000,-1.0000
15.149,0.0000,0.0000,0.0000,-1.0000
15.177,0.0000,0.0000,0.0000,-1.0000
15.199,0.0000,0.0000,0.0000,-1.0000
15.230,0.0000,0.0000,0.0000,-1.0000
15.262,0.0000,0.0000,0.0000,-1.0000
15.287,0.0000,0.0000,0.0000,-1.0000
15.313,0.0000,0.0000,0.0000,-1.0000
15.342,0.0000,0.0000,0.0000,-1.0000
15.376,0.0000,0.0000,0.0000,-1.0000
15.403,0.0000,0.0000,0.0000,-1.0000
15.432,0.0000,0.0000,0.0000,-1.0000
15.457,-0.0249,0.0000,0.0000,-1.0000
15.486,-0.1482,0.0000,0.0000,-1.0000
15.517,-0.3572,0.0000,0.0000,-1.0000
15.544,-0.5058,0.0000,0.0000,-1.0000
15.567,-0.6231,0.0000,0.0000,-1.0000
15.597,-0.7093,0.0000,0.0000,-1.0000
15.627,-0.7647,0.0000,0.0000,-1.0000
15.650,-0.7907,0.0000,0.0000,-1.0000
15.676,-0.8249,0.0000,0.0000,-1.0000
15.706,-0.8668,0.0000,0.0000,-1.0000
15.732,-0.9048,0.0000,0.0000,-1.0000
15.764,-0.9406,0.0000,0.0000,-1.0000
15.792,-0.9810,0.0000,0.0000,-1.0000
15.824,-1.0000,0.0000,0.0000,-1.0000
15.852,-1.0000,0.0000,0.0000,-1.0000
15.879,-0.9923,0.0000,0.0000,-1.0000
15.908,-0.9602,0.0000,0.0000,-1.0000
15.934,-0.9436,0.0000,0.0000,-1.0000
15.961,-0.9382,0.0000,0.0000,-1.0000
15.983,-0.9421,-0.0063,0.0000,-1.0000
16.006,-0.9613,-0.0260,0.0000,-1.0000
16.032,-1.0000,-0.0454,0.0000,-1.0000
16.058,-1.0000,-0.0718,0.0000,-1.0000
16.081,-1.0000,-0.1063,0.0000,-1.0000
16.115,-1.0000,-0.1568,0.0000,-1.0000
16.149,-1.0000,-0.2640,0.0000,-1.0000
16.180,-1.0000,-0.3809,0.0000,-1.0000
16.207,-1.0000,-0.4976,0.0000,-1.0000
16.232,-1.0000,-0.6285,0.0000,-1.0000
16.259,-0.9756,-0.7647,0.0000,-1.0000
16.284,-0.9212,-0.8957,0.0000,-1.0000
16.312,-0.8467,-0.9958,0.0000,-1.0000
16.341,-0.7582,-1.0000,0.0000,-1.0000
16.367,-0.7256,-1.0000,0.0000,-1.0000
16.390,-0.7161,-1.0000,0.0000,-1.0000
16.419,-0.7110,-1.0000,0.0000,-1.0000
16.446,-0.6935,-1.0000,0.0000,-1.0000
16.484,-0.6494,-1.0000,0.0000,-1.0000
16.515,-0.5892,-1.0000,0.0000,-1.0000
16.548,-0.5422,-1.0000,0.0000,-1.0000
16.579,-0.5278,-1.0000,0.0000,-1.0000
16.612,-0.5139,-1.0000,0.0000,-1.0000
16.640,-0.4986,-1.0000,0.0000,-1.0000
16.665,-0.4820,-1.0000,0.0000,-1.0000
16.691,-0.4627,-1.0000,0.0000,-1.0000
16.716,-0.4445,-1.0000,0.0000,-1.0000
16.743,-0.4275,-1.0000,0.0000,-1.0000
16.768,-0.4214,-1.0000,0.0000,-1.0000
16.793,-0.4185,-1.0000,0.0000,-1.0000
16.821,-0.4087,-1.0000,0.0000,-1.0000
16.852,-0.3907,-1.0000,0.0000,-1.0000
16.878,-0.3715,-1.0000,0.0000,-1.0000
16.905,-0.3426,-1.0000,0.0000,-1.0000
16.933,-0.3127,-1.0000,0.0000,-1.0000
16.957,-0.2843,-1.0000,0.0000,-1.0000
16.983,-0.2652,-1.0000,0.0000,-1.0000
17.007,-0.2414,-1.0000,0.0000,-1.0000
17.032,-0.2164,-1.0000,0.0000,-1.0000
17.057,-0.1895,-1.0000,0.0000,-1.0000
17.084,-0.1659,-1.0000,0.0000,-1.0000
17.110,-0.1459,-1.0000,0.0000,-1.0000
17.136,-0.1257,-1.0000,0.0000,-1.0000
17.160,-0.1038,-1.0000,0.0000,-1.0000
17.189,-0.0820,-1.0000,0.0000,-1.0000
17.215,-0.0588,-1.0000,0.0000,-1.0000
17.243,-0.0334,-1.0000,0.0000,-1.0000
17.269,-0.0153,-1.0000,0.0000,-1.0000
17.296,-0.0028,-0.9789,0.0000,-1.0000
17.321,0.0000,-0.9413,0.0000,-1.0000
17.351,0.0000,-0.8719,0.0000,-1.0000
17.376,0.0000,-0.8054,0.0000,-1.0000
17.402,0.0000,-0.7273,0.0000,-1.0000
17.427,0.0000,-0.6461,0.0000,-1.0000
17.457,0.0000,-0.5608,0.0000,-1.0000
17.485,0.0000,-0.4624,0.0000,-1.0000
17.511,0.0000,-0.3264,0.0000,-1.0000
17.541,0.0000,-0.2104,0.0000,-1.0000
17.565,0.0000,-0.0823,0.0000,-1.0000
17.591,0.0000,0.0000,0.0000,-1.0000
17.615,0.0000,0.0000,0.0000,-1.0000
17.641,0.0000,0.0000,0.0000,-1.0000
17.667,0.0000,0.0000,0.0000,-1.0000
17.694,0.0000,0.0000,0.0000,-1.0000
17.719,0.0000,0.0127,0.0000,-1.0000
17.745,0.0000,0.0662,0.0000,-1.0000
17.771,0.0000,0.1425,0.0000,-1.0000
17.800,0.0000,0.2269,0.0000,-1.0000
17.825,0.0000,0.3214,0.0000,-1.0000
17.852,0.0000,0.4248,0.0000,-1.0000
17.878,0.0000,0.5415,0.0000,-1.0000
17.903,0.0000,0.6102,0.0000,-1.0000
17.928,0.0000,0.6450,0.0000,-1.0000
17.949,0.0000,0.6684,0.0000,-1.0000
17.973,0.0000,0.6718,0.0000,-1.0000
17.999,0.0000,0.6657,0.0000,-1.0000
18.024,0.0000,0.6605,0.0000,-1.0000
18.052,0.0000,0.6714,0.0000,-1.0000
18.090,0.0000,0.6917,0.0000,-1.0000
18.120,0.0000,0.7181,0.0000,-1.0000
18.161,0.0000,0.7698,0.0000,-1.0000
18.203,0.0000,0.7846,0.0000,-1.0000
18.225,0.0000,0.7763,0.0000,-1.0000
18.248,0.0000,0.7696,0.0000,-1.0000
18.270,0.0000,0.7628,0.0000,-1.0000
18.295,0.0000,0.7574,0.0000,-1.0000
18.324,0.0000,0.7577,0.0000,-1.0000
18.353,0.0000,0.7575,0.0000,-1.0000
18.377,0.0000,0.7545,0.0000,-1.0000
18.404,0.0000,0.7485,0.0000,-1.0000
18.432,0.0000,0.7329,0.0000,-1.0000
18.459,0.0000,0.7092,0.0000,-1.0000
18.484,0.0000,0.6665,0.0000,-1.0000
18.513,0.0000,0.6035,0.0000,-1.0000
18.540,0.0000,0.5237,0.0000,-1.0000
18.565,0.0000,0.4395,0.0000,-1.0000
18.592,0.0000,0.3671,0.0000,-1.0000
18.619,0.0000,0.2850,0.0131,-1.0000
18.647,0.0000,0.2285,0.0526,-1.0000
18.675,0.0000,0.1887,0.0778,-1.0000
18.699,0.0000,0.1577,0.0955,-1.0000
18.728,0.0000,0.1304,0.1044,-1.0000
18.757,0.0000,0.1136,0.1032,-1.0000
18.788,0.0000,0.1010,0.0911,-1.0000
18.818,0.0000,0.0966,0.0674,-1.0000
18.843,0.0000,0.0948,0.0482,-1.0000
18.872,0.0000,0.0932,0.0305,-1.0000
18.899,0.0000,0.0897,0.0118,-1.0000
18.922,0.0000,0.0827,0.0000,-1.0000
18.950,0.0000,0.0730,0.0000,-1.0000
18.976,0.0000,0.0604,0.0000,-1.0000
19.000,0.0000,0.0423,0.0000,-1.0000
19.024,0.0000,0.0249,0.0000,-1.0000
19.048,0.0000,0.0000,0.0000,-1.0000
19.075,0.0000,0.0000,-0.0064,-1.0000
19.103,0.0000,0.0000,-0.0566,-1.0000
19.127,0.0000,0.0000,-0.1086,-1.0000
19.152,0.0000,0.0000,-0.1612,-1.0000
19.183,0.0000,0.0000,-0.2213,-1.0000
19.215,0.0000,0.0000,-0.2749,-1.0000
19.246,0.0000,0.0000,-0.3174,-1.0000
19.278,0.0000,0.0000,-0.3408,-1.0000
19.307,0.0000,0.0000,-0.3259,-1.0000
19.331,0.0000,0.0000,-0.2914,-1.0000
19.363,0.0000,0.0000,-0.2212,-1.0000
19.395,0.0000,0.0000,-0.1268,-1.0000
19.424,0.0000,0.0000,-0.0409,-1.0000
19.449,0.0000,0.0000,0.0000,-1.0000
19.476,0.0000,0.0000,0.0000,-1.0000
19.504,0.0000,0.0000,0.0000,-1.0000
19.532,0.0000,0.0000,0.0000,-1.0000
19.566,0.0000,0.0000,0.0000,-1.0000
19.596,0.0000,0.0000,0.0000,-1.0000
19.624,0.0000,0.0000,0.0000,-1.0000
19.653,0.0000,0.0000,0.0000,-1.0000
19.684,0.0000,0.0000,0.0000,-1.0000
19.713,0.0000,0.0000,0.0000,-1.0000
19.738,0.0000,0.0000,0.0000,-1.0000
19.764,0.0000,0.0000,0.0000,-1.0000
19.788,0.0000,0.0000,0.0000,-1.0000
19.814,0.0000,0.0000,0.0000,-1.0000
19.842,0.0000,0.0000,0.0000,-1.0000
19.876,0.0000,0.0000,0.0000,-1.0000
19.897,0.0000,0.0000,0.0000,-1.0000
19.922,0.0000,0.0000,0.0000,-1.0000
19.947,0.0000,0.0000,0.0000,-1.0000
19.973,0.0000,0.0000,0.0000,-1.0000
19.999,0.0000,0.0000,0.0000,-1.0000
20.023,0.0000,0.0000,0.0000,-1.0000
20.047,0.0000,0.0000,0.0000,-1.0000
20.075,0.0000,0.0000,0.0000,-1.0000
20.097,0.0000,0.0000,0.0000,-1.0000
20.123,0.0000,0.0000,0.0000,-1.0000
20.149,0.0000,0.0000,0.0000,-1.0000
20.176,0.0000,0.0000,0.0000,-1.0000
20.201,0.0000,0.0000,0.0000,-1.0000
20.226,0.0000,0.0000,0.0000,-1.0000
20.252,0.0000,0.0000,0.0000,-1.0000
20.276,0.0000,0.0000,0.0000,-1.0000
20.301,0.0000,0.0000,0.0000,-1.0000
20.325,0.0000,0.0000,0.0000,-1.0000
20.351,0.0000,0.0000,0.0000,-1.0000
20.378,0.0000,0.0000,0.0000,-1.0000
20.402,0.0000,0.0000,0.0000,-1.0000
20.426,0.0000,0.0000,0.0000,-1.0000
20.448,0.0000,0.0000,0.0000,-1.0000
20.473,0.0000,0.0000,0.0000,-1.0000
20.494,0.0000,0.0000,0.0000,-1.0000
20.521,0.0000,0.0000,0.0000,-1.0000
20.547,0.0000,0.0000,0.0000,-1.0000
20.575,0.0000,0.0000,0.0000,-1.0000
20.601,0.0000,0.0000,0.0000,-1.0000
20.624,0.0000,0.0000,0.0000,-1.0000
20.648,0.0000,0.0000,0.0000,-1.0000
20.673,0.0000,0.0000,0.0000,-1.0000
20.694,0.0000,0.0000,0.0000,-1.0000
20.719,0.0000,0.0000,0.0000,-1.0000
20.744,0.0000,0.0000,0.0000,-1.0000
20.767,0.0000,0.0000,0.0000,-1.0000
20.790,0.0000,0.0000,0.0000,-1.0000
20.814,0.0000,0.0000,0.0000,-1.0000
20.838,0.0000,0.0000,0.0000,-1.0000
20.862,0.0000,0.0000,0.0000,-1.0000
20.886,0.0000,0.0000,0.0000,-1.0000
20.909,0.0000,0.0000,0.0000,-1.0000
20.936,0.0000,0.0000,0.0000,-1.0000
20.960,0.0000,0.0000,0.0000,-1.0000
20.984,0.0000,0.0000,0.0000,-1.0000
21.007,0.0000,0.0000,0.0000,-1.0000
21.033,0.0000,0.0000,0.0000,-1.0000
21.060,0.0000,0.0000,0.0000,-1.0000
21.080,0.0000,0.0000,0.0000,-1.0000
21.106,0.0000,0.0000,0.0000,-1.0000
21.131,0.0000,0.0000,0.0000,-1.0000
21.158,0.0000,0.0000,0.0000,-1.0000
21.185,0.0000,0.0000,0.0000,-1.0000
21.210,0.0000,0.0000,0.0000,-1.0000
21.234,0.0000,0.0000,0.0000,-1.0000
21.262,0.0000,0.0000,0.0000,-1.0000
21.291,0.0000,0.0000,0.0000,-1.0000
21.314,0.0000,0.0000,0.0000,-1.0000
21.338,0.0000,0.0000,0.0000,-1.0000
21.361,0.0000,0.0000,0.0000,-1.0000
21.391,0.0000,0.0000,0.0000,-1.0000
21.427,0.0000,0.0000,0.0000,-1.0000
21.452,0.0000,0.0000,0.0000,-1.0000
21.480,0.0000,0.0000,0.0000,-1.0000
21.505,0.0000,0.0000,0.0000,-1.0000
21.533,0.0000,0.0000,0.0000,-1.0000
21.559,0.0000,0.0000,0.0000,-1.0000
21.584,0.0000,0.0000,0.0000,-1.0000
21.610,0.0000,0.0000,0.0000,-1.0000
21.635,0.0000,0.0000,0.0000,-1.0000
21.658,0.0000,0.0000,0.0000,-1.0000
21.682,0.0000,0.0000,0.0000,-1.0000
21.704,0.0000,0.0000,0.0000,-1.0000
21.725,0.0000,0.0000,0.0000,-1.0000
21.755,0.0000,0.0000,0.0000,-1.0000
21.777,0.0000,0.0000,0.0000,-1.0000
21.797,0.0000,0.0000,0.0000,-1.0000
21.821,0.0000,0.0000,0.0000,-1.0000
21.850,0.0000,0.0000,0.0000,-1.0000
21.876,0.0000,0.0000,0.0000,-1.0000
21.901,0.0000,0.0000,0.0000,-1.0000
21.925,0.0000,0.0000,0.0000,-1.0000
21.952,0.0000,0.0000,0.0000,-1.0000
21.980,0.0000,0.0000,0.0000,-1.0000
22.002,0.0000,0.0000,0.0000,-1.0000
22.023,0.0000,0.0000,0.0000,-1.0000
22.046,0.0000,0.0000,0.0000,-1.0000
22.075,0.0000,0.0000,0.0000,-1.0000
22.100,0.0000,0.0000,0.0000,-1.0000
22.124,0.0000,0.0000,0.0000,-1.0000
22.151,0.0000,0.0000,0.0000,-1.0000
22.180,0.0000,0.0000,0.0000,-1.0000
22.208,0.0000,0.0000,0.0000,-1.0000
22.231,0.0000,0.0000,0.0000,-1.0000
22.256,0.0000,0.0000,0.0000,-1.0000
22.282,0.0000,0.0000,0.0000,-1.0000
22.307,0.0000,0.0000,0.0000,-1.0000
22.334,0.0000,0.0000,0.0000,-1.0000
22.361,0.0000,0.0000,0.0000,-1.0000
22.387,0.0000,0.0000,0.0000,-1.0000
22.417,0.0000,0.0000,0.0000,-1.0000
22.445,0.0000,0.0000,0.0000,-1.0000
22.473,0.0000,0.0000,0.0000,-1.0000
22.500,0.0000,0.0000,0.0000,-1.0000
22.523,0.0000,0.0000,0.0000,-1.0000
22.548,0.0000,0.0000,0.0000,-1.0000
22.577,0.0000,0.0000,0.0000,-1.0000
22.605,0.0000,0.0000,0.0000,-1.0000
22.630,0.0000,0.0000,0.0000,-1.0000
22.654,0.0000,0.0000,0.0000,-1.0000
22.681,0.0000,0.0000,0.0000,-1.0000
22.707,0.0000,0.0000,0.0000,-1.0000
22.728,0.0000,0.0000,0.0000,-1.0000
22.759,0.0000,0.0000,0.0000,-1.0000
22.787,0.0000,0.0000,0.0000,-1.0000
22.814,0.0000,0.0000,0.0000,-1.0000
22.841,0.0000,0.0000,0.0000,-1.0000
22.872,0.0000,0.0000,0.0000,-1.0000
22.898,0.0000,0.0000,0.0000,-1.0000
22.925,0.0000,0.0000,0.0000,-1.0000
22.951,0.0000,0.0000,0.0000,-1.0000
22.977,0.0000,0.0000,0.0000,-1.0000
23.004,0.0000,0.0000,0.0000,-1.0000
23.031,0.0000,0.0000,0.0000,-1.0000
23.058,0.0000,0.0000,0.0000,-1.0000
23.084,0.0000,0.0000,0.0000,-1.0000
23.111,0.0000,0.0000,0.0000,-1.0000
23.136,0.0000,0.0000,0.0000,-1.0000
23.159,0.0000,0.0000,0.0000,-1.0000
23.189,0.0000,0.0000,0.0000,-1.0000
23.218,0.0000,0.0000,0.0000,-1.0000
23.243,0.0000,0.0000,0.0000,-1.0000
23.272,0.0000,0.0000,0.0000,-1.0000
23.298,0.0000,0.0000,0.0000,-1.0000
23.320,0.0000,0.0000,0.0000,-1.0000
23.345,0.0000,0.0000,0.0000,-1.0000
23.374,0.0000,0.0000,0.0000,-1.0000
23.397,0.0000,0.0000,0.0000,-1.0000
23.424,0.0000,0.0000,0.0000,-1.0000
23.451,0.0000,0.0000,0.0000,-1.0000
23.477,0.0000,0.0000,0.0000,-1.0000
23.510,0.0000,0.0000,0.0000,-1.0000
23.534,0.0000,0.0000,0.0000,-1.0000
23.556,0.0000,0.0000,0.0000,-1.0000
23.584,0.0000,0.0000,0.0000,-1.0000
23.613,0.0000,0.0000,0.0000,-1.0000
23.641,0.0000,0.0000,0.0000,-1.0000
23.671,0.0000,0.0000,0.0000,-1.0000
23.700,0.0000,0.0000,0.0000,-1.0000
23.725,0.0000,0.0000,0.0000,-1.0000
23.753,0.0000,0.0000,0.0000,-1.0000
23.777,0.0000,0.0000,0.0000,-1.0000
23.805,0.0000,0.0000,0.0000,-1.0000
23.832,0.0000,0.0000,0.0000,-1.0000
23.856,0.0000,0.0000,0.0000,-1.0000
23.884,0.0000,0.0000,0.0000,-1.0000
23.912,0.0000,0.0000,0.0000,-1.0000
23.940,0.0000,0.0000,0.0000,-1.0000
23.964,0.0000,0.0000,0.0000,-1.0000
23.997,0.0000,0.0000,0.0000,-1.0000
24.022,0.0000,0.0000,0.0000,-1.0000
24.049,0.0000,0.0000,0.0000,-1.0000
24.075,0.0000,0.0000,0.0000,-1.0000
24.100,0.0000,0.0000,0.0000,-1.0000
24.123,0.0000,0.0000,0.0000,-1.0000
24.151,0.0000,0.0000,0.0000,-1.0000
24.172,0.0000,0.0000,0.0000,-1.0000
24.201,0.0000,0.0000,0.0000,-1.0000
24.226,0.0000,0.0000,0.0000,-1.0000
24.252,0.0000,0.0000,0.0000,-1.0000
24.275,0.0000,0.0000,0.0000,-1.0000
24.298,0.0000,0.0000,0.0000,-1.0000
24.321,0.0000,0.0000,0.0000,-1.0000
24.359,0.0000,0.0000,0.0000,0.0000
24.381,0.0000,0.0000,0.0000,0.0000
24.404,0.0000,0.0000,0.0000,0.0000
24.434,0.0000,0.0000,0.0000,0.0000
