sampleIndex,time,isConnected,appFocused,isValid,gameScreenX,gameScreenY,clampedGameScreenX,clampedGameScreenY,viewportX,viewportY,rawScreenX,rawScreenY,screenWidth,screenHeight
0,0.0000,False,True,0,,,,,,,,,1920,1080
1,0.0777,False,True,0,,,,,,,,,1920,1080
2,0.1393,False,True,0,,,,,,,,,1920,1080
3,0.2003,False,True,0,,,,,,,,,1920,1080
4,0.2587,False,True,0,,,,,,,,,1920,1080
5,0.3210,False,True,0,,,,,,,,,1920,1080
6,0.3900,False,True,0,,,,,,,,,1920,1080
7,0.4489,False,True,0,,,,,,,,,1920,1080
8,0.5104,False,True,0,,,,,,,,,1920,1080
9,0.5667,False,True,0,,,,,,,,,1920,1080
10,0.6242,False,True,0,,,,,,,,,1920,1080
11,0.6839,False,True,0,,,,,,,,,1920,1080
12,0.7449,False,True,0,,,,,,,,,1920,1080
13,0.8030,False,True,0,,,,,,,,,1920,1080
14,0.8574,False,True,0,,,,,,,,,1920,1080
15,0.9211,False,True,0,,,,,,,,,1920,1080
16,0.9778,False,True,0,,,,,,,,,1920,1080
17,1.0390,False,True,0,,,,,,,,,1920,1080
18,1.1000,False,True,0,,,,,,,,,1920,1080
19,1.1603,False,True,0,,,,,,,,,1920,1080
20,1.2175,False,True,0,,,,,,,,,1920,1080
21,1.2750,False,True,0,,,,,,,,,1920,1080
22,1.3342,False,True,0,,,,,,,,,1920,1080
23,1.3964,False,True,0,,,,,,,,,1920,1080
24,1.4563,False,True,0,,,,,,,,,1920,1080
25,1.5120,False,True,0,,,,,,,,,1920,1080
26,1.5722,False,True,0,,,,,,,,,1920,1080
27,1.6273,False,True,0,,,,,,,,,1920,1080
28,1.6912,False,True,0,,,,,,,,,1920,1080
29,1.7525,False,True,0,,,,,,,,,1920,1080
30,1.8124,False,True,0,,,,,,,,,1920,1080
31,1.8765,False,True,0,,,,,,,,,1920,1080
32,1.9331,False,True,0,,,,,,,,,1920,1080
33,1.9920,False,True,0,,,,,,,,,1920,1080
34,2.0536,False,True,0,,,,,,,,,1920,1080
35,2.1142,False,True,0,,,,,,,,,1920,1080
36,2.1754,False,True,0,,,,,,,,,1920,1080
37,2.2392,False,True,0,,,,,,,,,1920,1080
38,2.2902,False,True,0,,,,,,,,,1920,1080
39,2.3517,False,True,0,,,,,,,,,1920,1080
40,2.4092,False,True,0,,,,,,,,,1920,1080
41,2.4694,False,True,0,,,,,,,,,1920,1080
42,2.5236,False,True,0,,,,,,,,,1920,1080
43,2.5869,False,True,0,,,,,,,,,1920,1080
44,2.6478,False,True,0,,,,,,,,,1920,1080
45,2.7076,False,True,0,,,,,,,,,1920,1080
46,2.7736,False,True,0,,,,,,,,,1920,1080
47,2.8267,False,True,0,,,,,,,,,1920,1080
48,2.9305,False,True,0,,,,,,,,,1920,1080
49,2.9857,False,True,0,,,,,,,,,1920,1080
50,3.0465,False,True,0,,,,,,,,,1920,1080
51,3.1078,False,True,0,,,,,,,,,1920,1080
52,3.1696,False,True,0,,,,,,,,,1920,1080
53,3.2241,False,True,0,,,,,,,,,1920,1080
54,3.2803,False,True,0,,,,,,,,,1920,1080
55,3.3404,False,True,0,,,,,,,,,1920,1080
56,3.4003,False,True,0,,,,,,,,,1920,1080
57,3.4586,False,True,0,,,,,,,,,1920,1080
58,3.5232,False,True,0,,,,,,,,,1920,1080
59,3.5800,False,True,0,,,,,,,,,1920,1080
60,3.6438,False,True,0,,,,,,,,,1920,1080
61,3.7086,False,True,0,,,,,,,,,1920,1080
62,3.7682,False,True,0,,,,,,,,,1920,1080
63,3.8279,False,True,0,,,,,,,,,1920,1080
64,3.8918,False,True,0,,,,,,,,,1920,1080
65,3.9567,False,True,0,,,,,,,,,1920,1080
66,4.0158,False,True,0,,,,,,,,,1920,1080
67,4.0800,False,True,0,,,,,,,,,1920,1080
68,4.1405,False,True,0,,,,,,,,,1920,1080
69,4.2083,False,True,0,,,,,,,,,1920,1080
70,4.2725,False,True,0,,,,,,,,,1920,1080
71,4.3287,False,True,0,,,,,,,,,1920,1080
72,4.3898,False,True,0,,,,,,,,,1920,1080
73,4.4537,False,True,0,,,,,,,,,1920,1080
74,4.5121,False,True,0,,,,,,,,,1920,1080
75,4.5725,False,True,0,,,,,,,,,1920,1080
76,4.6314,False,True,0,,,,,,,,,1920,1080
77,4.6954,False,True,0,,,,,,,,,1920,1080
78,4.7556,False,True,0,,,,,,,,,1920,1080
79,4.8147,False,True,0,,,,,,,,,1920,1080
80,4.8750,False,True,0,,,,,,,,,1920,1080
81,4.9332,False,True,0,,,,,,,,,1920,1080
82,4.9882,False,True,0,,,,,,,,,1920,1080
83,5.0474,False,True,0,,,,,,,,,1920,1080
84,5.1100,False,True,0,,,,,,,,,1920,1080
85,5.1725,False,True,0,,,,,,,,,1920,1080
86,5.2387,False,True,0,,,,,,,,,1920,1080
87,5.2967,False,True,0,,,,,,,,,1920,1080
88,5.3578,False,True,0,,,,,,,,,1920,1080
89,5.4240,False,True,0,,,,,,,,,1920,1080
90,5.4807,False,True,0,,,,,,,,,1920,1080
91,5.5437,False,True,0,,,,,,,,,1920,1080
92,5.6068,False,True,0,,,,,,,,,1920,1080
93,5.6641,False,True,0,,,,,,,,,1920,1080
94,5.7284,False,True,0,,,,,,,,,1920,1080
95,5.7882,False,True,0,,,,,,,,,1920,1080
96,5.8504,False,True,0,,,,,,,,,1920,1080
97,5.9078,False,True,0,,,,,,,,,1920,1080
98,5.9618,False,True,0,,,,,,,,,1920,1080
99,6.0203,False,True,0,,,,,,,,,1920,1080
100,6.0800,False,True,0,,,,,,,,,1920,1080
101,6.1415,False,True,0,,,,,,,,,1920,1080
102,6.2153,False,True,0,,,,,,,,,1920,1080
103,6.2763,False,True,0,,,,,,,,,1920,1080
104,6.3316,False,True,0,,,,,,,,,1920,1080
105,6.3916,False,True,0,,,,,,,,,1920,1080
106,6.4549,False,True,0,,,,,,,,,1920,1080
107,6.5137,False,True,0,,,,,,,,,1920,1080
108,6.5797,False,True,0,,,,,,,,,1920,1080
109,6.6410,False,True,0,,,,,,,,,1920,1080
110,6.6708,False,True,0,,,,,,,,,1920,1080
111,6.6969,False,True,0,,,,,,,,,1920,1080
112,6.7199,False,True,0,,,,,,,,,1920,1080
113,6.7412,False,True,0,,,,,,,,,1920,1080
114,6.7679,False,True,0,,,,,,,,,1920,1080
115,6.7931,False,True,0,,,,,,,,,1920,1080
116,6.8174,False,True,0,,,,,,,,,1920,1080
117,6.8409,False,True,0,,,,,,,,,1920,1080
118,6.8614,False,True,0,,,,,,,,,1920,1080
119,6.8898,False,True,0,,,,,,,,,1920,1080
120,6.9126,False,True,0,,,,,,,,,1920,1080
121,6.9373,False,True,0,,,,,,,,,1920,1080
122,6.9610,False,True,0,,,,,,,,,1920,1080
123,6.9867,False,True,0,,,,,,,,,1920,1080
124,7.0110,False,True,0,,,,,,,,,1920,1080
125,7.0413,False,True,0,,,,,,,,,1920,1080
126,7.0652,False,True,0,,,,,,,,,1920,1080
127,7.0901,False,True,0,,,,,,,,,1920,1080
128,7.1156,False,True,0,,,,,,,,,1920,1080
129,7.1390,False,True,0,,,,,,,,,1920,1080
130,7.1657,False,True,0,,,,,,,,,1920,1080
131,7.1910,False,True,0,,,,,,,,,1920,1080
132,7.2130,False,True,0,,,,,,,,,1920,1080
133,7.2372,False,True,0,,,,,,,,,1920,1080
134,7.2616,False,True,0,,,,,,,,,1920,1080
135,7.2855,False,True,0,,,,,,,,,1920,1080
136,7.3116,False,True,0,,,,,,,,,1920,1080
137,7.3356,False,True,0,,,,,,,,,1920,1080
138,7.3602,False,True,0,,,,,,,,,1920,1080
139,7.3856,False,True,0,,,,,,,,,1920,1080
140,7.4142,False,True,0,,,,,,,,,1920,1080
141,7.4404,False,True,0,,,,,,,,,1920,1080
142,7.4624,False,True,0,,,,,,,,,1920,1080
143,7.4918,False,True,0,,,,,,,,,1920,1080
144,7.5155,False,True,0,,,,,,,,,1920,1080
145,7.5402,False,True,0,,,,,,,,,1920,1080
146,7.5635,False,True,0,,,,,,,,,1920,1080
147,7.5908,False,True,0,,,,,,,,,1920,1080
148,7.6171,False,True,0,,,,,,,,,1920,1080
149,7.6431,False,True,0,,,,,,,,,1920,1080
150,7.6705,False,True,0,,,,,,,,,1920,1080
151,7.6957,False,True,0,,,,,,,,,1920,1080
152,7.7186,False,True,0,,,,,,,,,1920,1080
153,7.7465,False,True,0,,,,,,,,,1920,1080
154,7.7724,False,True,0,,,,,,,,,1920,1080
155,7.7930,False,True,0,,,,,,,,,1920,1080
156,7.8183,False,True,0,,,,,,,,,1920,1080
157,7.8461,False,True,0,,,,,,,,,1920,1080
158,7.8726,False,True,0,,,,,,,,,1920,1080
159,7.8973,False,True,0,,,,,,,,,1920,1080
160,7.9215,False,True,0,,,,,,,,,1920,1080
161,7.9465,False,True,0,,,,,,,,,1920,1080
162,7.9708,False,True,0,,,,,,,,,1920,1080
163,7.9955,False,True,0,,,,,,,,,1920,1080
164,8.0205,False,True,0,,,,,,,,,1920,1080
165,8.0458,False,True,0,,,,,,,,,1920,1080
166,8.0703,False,True,0,,,,,,,,,1920,1080
167,8.0924,False,True,0,,,,,,,,,1920,1080
168,8.1274,False,True,0,,,,,,,,,1920,1080
169,8.1488,False,True,0,,,,,,,,,1920,1080
170,8.1751,False,True,0,,,,,,,,,1920,1080
171,8.1970,False,True,0,,,,,,,,,1920,1080
172,8.2230,False,True,0,,,,,,,,,1920,1080
173,8.2460,False,True,0,,,,,,,,,1920,1080
174,8.2726,False,True,0,,,,,,,,,1920,1080
175,8.2975,False,True,0,,,,,,,,,1920,1080
176,8.3209,False,True,0,,,,,,,,,1920,1080
177,8.3448,False,True,0,,,,,,,,,1920,1080
178,8.3670,False,True,0,,,,,,,,,1920,1080
179,8.3909,False,True,0,,,,,,,,,1920,1080
180,8.4154,False,True,0,,,,,,,,,1920,1080
181,8.4353,False,True,0,,,,,,,,,1920,1080
182,8.4601,False,True,0,,,,,,,,,1920,1080
183,8.4823,False,True,0,,,,,,,,,1920,1080
184,8.5083,False,True,0,,,,,,,,,1920,1080
185,8.5303,False,True,0,,,,,,,,,1920,1080
186,8.5581,False,True,0,,,,,,,,,1920,1080
187,8.5811,False,True,0,,,,,,,,,1920,1080
188,8.6069,False,True,0,,,,,,,,,1920,1080
189,8.6349,False,True,0,,,,,,,,,1920,1080
190,8.6598,False,True,0,,,,,,,,,1920,1080
191,8.6853,False,True,0,,,,,,,,,1920,1080
192,8.7138,False,True,0,,,,,,,,,1920,1080
193,8.7408,False,True,0,,,,,,,,,1920,1080
194,8.7639,False,True,0,,,,,,,,,1920,1080
195,8.7933,False,True,0,,,,,,,,,1920,1080
196,8.8156,False,True,0,,,,,,,,,1920,1080
197,8.8461,False,True,0,,,,,,,,,1920,1080
198,8.8728,False,True,0,,,,,,,,,1920,1080
199,8.8985,False,True,0,,,,,,,,,1920,1080
200,8.9278,False,True,0,,,,,,,,,1920,1080
201,8.9522,False,True,0,,,,,,,,,1920,1080
202,8.9839,False,True,0,,,,,,,,,1920,1080
203,9.0081,False,True,0,,,,,,,,,1920,1080
204,9.0344,False,True,0,,,,,,,,,1920,1080
205,9.0598,False,True,0,,,,,,,,,1920,1080
206,9.0893,False,True,0,,,,,,,,,1920,1080
207,9.1161,False,True,0,,,,,,,,,1920,1080
208,9.1465,False,True,0,,,,,,,,,1920,1080
209,9.1759,False,True,0,,,,,,,,,1920,1080
210,9.1972,False,True,0,,,,,,,,,1920,1080
211,9.2250,False,True,0,,,,,,,,,1920,1080
212,9.2469,False,True,0,,,,,,,,,1920,1080
213,9.2693,False,True,0,,,,,,,,,1920,1080
214,9.2941,False,True,0,,,,,,,,,1920,1080
215,9.3165,False,True,0,,,,,,,,,1920,1080
216,9.3420,False,True,0,,,,,,,,,1920,1080
217,9.3715,False,True,0,,,,,,,,,1920,1080
218,9.3927,False,True,0,,,,,,,,,1920,1080
219,9.4153,False,True,0,,,,,,,,,1920,1080
220,9.4393,False,True,0,,,,,,,,,1920,1080
221,9.4628,False,True,0,,,,,,,,,1920,1080
222,9.4864,False,True,0,,,,,,,,,1920,1080
223,9.5118,False,True,0,,,,,,,,,1920,1080
224,9.5382,False,True,0,,,,,,,,,1920,1080
225,9.5620,False,True,0,,,,,,,,,1920,1080
226,9.5842,False,True,0,,,,,,,,,1920,1080
227,9.6086,False,True,0,,,,,,,,,1920,1080
228,9.6307,False,True,0,,,,,,,,,1920,1080
229,9.6584,False,True,0,,,,,,,,,1920,1080
230,9.6838,False,True,0,,,,,,,,,1920,1080
231,9.7097,False,True,0,,,,,,,,,1920,1080
232,9.7306,False,True,0,,,,,,,,,1920,1080
233,9.7619,False,True,0,,,,,,,,,1920,1080
234,9.7884,False,True,0,,,,,,,,,1920,1080
235,9.8171,False,True,0,,,,,,,,,1920,1080
236,9.8382,False,True,0,,,,,,,,,1920,1080
237,9.8595,False,True,0,,,,,,,,,1920,1080
238,9.8833,False,True,0,,,,,,,,,1920,1080
239,9.9104,False,True,0,,,,,,,,,1920,1080
240,9.9379,False,True,0,,,,,,,,,1920,1080
241,9.9634,False,True,0,,,,,,,,,1920,1080
242,9.9907,False,True,0,,,,,,,,,1920,1080
243,10.0127,False,True,0,,,,,,,,,1920,1080
244,10.0361,False,True,0,,,,,,,,,1920,1080
245,10.0648,False,True,0,,,,,,,,,1920,1080
246,10.0855,False,True,0,,,,,,,,,1920,1080
247,10.1143,False,True,0,,,,,,,,,1920,1080
248,10.1417,False,True,0,,,,,,,,,1920,1080
249,10.1634,False,True,0,,,,,,,,,1920,1080
250,10.1937,False,True,0,,,,,,,,,1920,1080
251,10.2154,False,True,0,,,,,,,,,1920,1080
252,10.2431,False,True,0,,,,,,,,,1920,1080
253,10.2723,False,True,0,,,,,,,,,1920,1080
254,10.2968,False,True,0,,,,,,,,,1920,1080
255,10.3236,False,True,0,,,,,,,,,1920,1080
256,10.3476,False,True,0,,,,,,,,,1920,1080
257,10.3729,False,True,0,,,,,,,,,1920,1080
258,10.3953,False,True,0,,,,,,,,,1920,1080
259,10.4221,False,True,0,,,,,,,,,1920,1080
260,10.4478,False,True,0,,,,,,,,,1920,1080
261,10.4753,False,True,0,,,,,,,,,1920,1080
262,10.4994,False,True,0,,,,,,,,,1920,1080
263,10.5224,False,True,0,,,,,,,,,1920,1080
264,10.5480,False,True,0,,,,,,,,,1920,1080
265,10.5710,False,True,0,,,,,,,,,1920,1080
266,10.5943,False,True,0,,,,,,,,,1920,1080
267,10.6168,False,True,0,,,,,,,,,1920,1080
268,10.6464,False,True,0,,,,,,,,,1920,1080
269,10.6670,False,True,0,,,,,,,,,1920,1080
270,10.6908,False,True,0,,,,,,,,,1920,1080
271,10.7139,False,True,0,,,,,,,,,1920,1080
272,10.7485,False,False,0,,,,,,,,,1920,1080
273,10.7722,False,False,0,,,,,,,,,1920,1080
274,10.7940,False,False,0,,,,,,,,,1920,1080
275,10.8181,False,False,0,,,,,,,,,1920,1080
276,10.8447,False,False,0,,,,,,,,,1920,1080
277,10.8667,False,False,0,,,,,,,,,1920,1080
278,10.8989,False,False,0,,,,,,,,,1920,1080
