Time,X,Z,DisplayWeight_t,LifMag0Accum,LifMag1Accum,LifMag2Accum,LifMag3Accum,LifMag4Accum
0.000,0.00,0.00,0.00,0.00,0.00,0.00,0.00,0.00
0.084,0.00,0.00,0.00,0.00,0.00,0.00,0.00,0.00
0.160,0.00,0.00,0.00,0.00,0.00,0.00,0.00,0.00
0.233,0.00,0.00,0.00,0.00,0.00,0.00,0.00,0.00
0.302,0.00,0.00,0.00,0.00,0.00,0.00,0.00,0.00
0.376,0.00,0.00,0.00,0.00,0.00,0.00,0.00,0.00
0.449,0.00,0.00,0.00,0.00,0.00,0.00,0.00,0.00
0.523,0.00,0.00,0.00,0.00,0.00,0.00,0.00,0.00
0.598,0.00,0.00,0.00,0.00,0.00,0.00,0.00,0.00
0.667,0.00,0.00,0.00,0.00,0.00,0.00,0.00,0.00
0.736,0.00,0.00,0.00,0.00,0.00,0.00,0.00,0.00
0.808,0.00,0.00,0.00,0.00,0.00,0.00,0.00,0.00
0.877,0.00,0.00,0.00,0.00,0.00,0.00,0.00,0.00
0.950,0.00,0.00,0.00,0.00,0.00,0.00,0.00,0.00
1.004,0.00,0.00,0.00,0.00,0.00,0.00,0.00,0.00
1.066,0.00,0.00,0.00,0.00,0.00,0.00,0.00,0.00
1.124,0.00,0.00,0.00,0.00,0.00,0.00,0.00,0.00
1.183,0.00,0.00,0.00,0.00,0.00,0.00,0.00,0.00
1.253,0.00,0.00,0.00,0.00,0.00,0.00,0.00,0.00
1.308,0.00,0.00,0.00,0.00,0.00,0.00,0.00,0.00
1.366,0.00,0.00,0.00,0.00,0.00,0.00,0.00,0.00
1.432,0.00,0.00,0.00,0.00,0.00,0.00,0.00,0.00
1.492,0.00,0.00,0.00,0.00,0.00,0.00,0.00,0.00
1.553,0.00,0.00,0.00,0.00,0.00,0.00,0.00,0.00
1.613,0.00,0.00,0.00,0.00,0.00,0.00,0.00,0.00
1.671,0.00,0.00,0.00,0.00,0.00,0.00,0.00,0.00
1.731,0.00,0.00,0.00,0.00,0.00,0.00,0.00,0.00
1.787,0.00,0.00,0.00,0.00,0.00,0.00,0.00,0.00
1.846,0.00,0.00,0.00,0.00,0.00,0.00,0.00,0.00
1.900,0.00,0.00,0.00,0.00,0.00,0.00,0.00,0.00
1.962,0.00,0.00,0.00,0.00,0.00,0.00,0.00,0.00
2.015,0.00,0.00,0.00,0.00,0.00,0.00,0.00,0.00
2.073,0.00,0.00,0.00,0.00,0.00,0.00,0.00,0.00
2.131,0.00,0.00,0.00,0.00,0.00,0.00,0.00,0.00
2.185,0.00,0.00,0.00,0.00,0.00,0.00,0.00,0.00
2.217,0.00,0.00,0.00,0.00,0.00,0.00,0.00,0.00
2.248,0.00,0.00,0.00,0.00,0.00,0.00,0.00,0.00
2.271,0.00,0.00,0.00,0.00,0.00,0.00,0.00,0.00
2.294,0.00,0.00,0.00,0.00,0.00,0.00,0.00,0.00
2.320,0.00,0.00,0.00,0.00,0.00,0.00,0.00,0.00
2.344,0.00,0.00,0.00,0.00,0.00,0.00,0.00,0.00
2.370,0.00,0.00,0.00,0.00,0.00,0.00,0.00,0.00
2.399,0.00,0.00,0.00,0.00,0.00,0.00,0.00,0.00
2.421,0.00,0.00,0.00,0.00,0.00,0.00,0.00,0.00
2.448,0.00,0.00,0.00,0.00,0.00,0.00,0.00,0.00
2.471,0.00,0.00,0.00,0.00,0.00,0.00,0.00,0.00
2.495,0.00,0.00,0.00,0.00,0.00,0.00,0.00,0.00
2.519,0.00,0.00,0.00,0.00,0.00,0.00,0.00,0.00
2.543,0.00,0.00,0.00,0.00,0.00,0.00,0.00,0.00
2.563,0.00,0.00,0.00,0.00,0.00,0.00,0.00,0.00
2.588,0.00,0.00,0.00,0.00,0.00,0.00,0.00,0.00
2.613,0.00,0.00,0.00,0.00,0.00,0.00,0.00,0.00
2.638,0.00,0.00,0.00,0.00,0.00,0.00,0.00,0.00
2.665,0.00,0.00,0.00,0.00,0.00,0.00,0.00,0.00
2.687,0.00,0.00,0.00,0.00,0.00,0.00,0.00,0.00
2.710,0.00,0.00,0.00,0.00,0.00,0.00,0.00,0.00
2.735,0.00,0.00,0.00,0.00,0.00,0.00,0.00,0.00
2.759,0.00,0.00,0.00,0.00,0.00,0.00,0.00,0.00
2.780,0.00,0.00,0.00,0.00,0.00,0.00,0.00,0.00
2.802,0.00,0.00,0.00,0.00,0.00,0.00,0.00,0.00
2.828,0.00,0.00,0.00,0.00,0.00,0.00,0.00,0.00
2.852,0.00,0.00,0.00,0.00,0.00,0.00,0.00,0.00
2.873,0.00,0.00,0.00,0.00,0.00,0.00,0.00,0.00
2.897,0.00,0.00,0.00,0.00,0.00,0.00,0.00,0.00
2.923,0.00,0.00,0.00,0.00,0.00,0.00,0.00,0.00
2.951,0.00,0.00,0.00,0.00,0.00,0.00,0.00,0.00
2.976,0.00,0.00,0.00,0.00,0.00,0.00,0.00,0.00
2.998,0.00,0.00,0.00,0.00,0.00,0.00,0.00,0.00
3.019,0.00,0.00,0.00,0.00,0.00,0.00,0.00,0.00
3.042,0.00,0.00,0.00,0.00,0.00,0.00,0.00,0.00
3.069,0.00,0.00,0.00,0.00,0.00,0.00,0.00,0.00
3.091,0.00,0.00,0.00,0.00,0.00,0.00,0.00,0.00
3.115,0.00,0.00,0.00,0.00,0.00,0.00,0.00,0.00
3.140,0.00,0.00,0.00,0.00,0.00,0.00,0.00,0.00
3.165,0.00,0.00,0.00,0.00,0.00,0.00,0.00,0.00
3.185,0.00,0.00,0.00,0.00,0.00,0.00,0.00,0.00
3.210,0.00,0.00,0.00,0.00,0.00,0.00,0.00,0.00
3.238,0.00,0.00,0.00,0.00,0.00,0.00,0.00,0.00
3.261,0.00,0.00,0.00,0.00,0.00,0.00,0.00,0.00
3.286,0.00,0.00,0.00,0.00,0.00,0.00,0.00,0.00
3.306,0.00,0.00,0.00,0.00,0.00,0.00,0.00,0.00
3.339,0.00,0.00,0.00,0.00,0.00,0.00,0.00,0.00
3.359,0.00,0.00,0.00,0.00,0.00,0.00,0.00,0.00
3.384,0.00,0.00,0.00,0.00,0.00,0.00,0.00,0.00
3.405,0.00,0.00,0.00,0.00,0.00,0.00,0.00,0.00
3.430,0.00,0.00,0.00,0.00,0.00,0.00,0.00,0.00
3.453,0.00,0.00,0.00,0.00,0.00,0.00,0.00,0.00
3.477,0.00,0.00,0.00,0.00,0.00,0.00,0.00,0.00
3.502,0.00,0.00,0.00,0.00,0.00,0.00,0.00,0.00
3.523,0.00,0.00,0.00,0.00,0.00,0.00,0.00,0.00
3.547,0.00,0.00,0.00,0.00,0.00,0.00,0.00,0.00
3.570,0.00,0.00,0.00,0.00,0.00,0.00,0.00,0.00
3.594,0.00,0.00,0.00,0.00,0.00,0.00,0.00,0.00
3.616,0.00,0.00,0.00,0.00,0.00,0.00,0.00,0.00
3.639,0.00,0.00,0.00,0.00,0.00,0.00,0.00,0.00
3.662,0.00,0.00,0.00,0.00,0.00,0.00,0.00,0.00
3.686,0.00,0.00,0.00,0.00,0.00,0.00,0.00,0.00
3.709,0.00,0.00,0.00,0.00,0.00,0.00,0.00,0.00
3.731,0.00,0.00,0.00,0.00,0.00,0.00,0.00,0.00
3.753,0.00,0.00,0.00,0.00,0.00,0.00,0.00,0.00
3.781,0.00,0.00,0.00,0.00,0.00,0.00,0.00,0.00
3.802,0.00,0.00,0.00,0.00,0.00,0.00,0.00,0.00
3.827,0.00,0.00,0.00,0.00,0.00,0.00,0.00,0.00
3.852,0.00,0.00,0.00,0.00,0.00,0.00,0.00,0.00
3.877,0.00,0.00,0.00,0.00,0.00,0.00,0.00,0.00
3.899,0.00,0.00,0.00,0.00,0.00,0.00,0.00,0.00
3.922,0.00,0.00,0.00,0.00,0.00,0.00,0.00,0.00
3.947,0.00,0.00,0.00,0.00,0.00,0.00,0.00,0.00
3.971,0.00,0.00,0.00,0.00,0.00,0.00,0.00,0.00
3.991,0.00,0.00,0.00,0.00,0.00,0.00,0.00,0.00
4.013,0.00,0.00,0.00,0.00,0.00,0.00,0.00,0.00
4.036,0.00,0.00,0.00,0.00,0.00,0.00,0.00,0.00
4.064,0.00,0.00,0.00,0.00,0.00,0.00,0.00,0.00
4.087,0.00,0.00,0.00,0.00,0.00,0.00,0.00,0.00
4.109,0.00,0.00,0.00,0.00,0.00,0.00,0.00,0.00
4.138,0.00,0.00,0.00,0.00,0.00,0.00,0.00,0.00
4.162,0.00,0.00,0.00,0.00,0.00,0.00,0.00,0.00
4.190,0.00,0.00,0.00,0.00,0.00,0.00,0.00,0.00
4.212,0.00,0.00,0.00,0.00,0.00,0.00,0.00,0.00
4.236,0.00,0.00,0.00,0.00,0.00,0.00,0.00,0.00
4.260,0.00,0.00,0.00,0.00,0.00,0.00,0.00,0.00
4.283,0.00,0.00,0.00,0.00,0.00,0.00,0.00,0.00
4.307,0.00,0.00,0.00,0.00,0.00,0.00,0.00,0.00
4.327,0.00,0.00,0.00,0.00,0.00,0.00,0.00,0.00
4.350,0.00,0.00,0.00,0.00,0.00,0.00,0.00,0.00
4.373,0.00,0.00,0.00,0.00,0.00,0.00,0.00,0.00
4.395,0.00,0.00,0.00,0.00,0.00,0.00,0.00,0.00
4.419,0.00,0.00,0.00,0.00,0.00,0.00,0.00,0.00
4.442,0.00,0.00,0.00,0.00,0.00,0.00,0.00,0.00
4.466,0.00,0.00,0.00,0.00,0.00,0.00,0.00,0.00
4.490,0.00,0.00,0.00,0.00,0.00,0.00,0.00,0.00
4.510,0.00,0.00,0.00,0.00,0.00,0.00,0.00,0.00
4.534,0.00,0.00,0.00,0.00,0.00,0.00,0.00,0.00
4.556,0.00,0.00,0.00,0.00,0.00,0.00,0.00,0.00
4.577,0.00,0.00,0.00,0.00,0.00,0.00,0.00,0.00
4.602,0.00,0.00,0.00,0.00,0.00,0.00,0.00,0.00
4.625,0.00,0.00,0.00,0.00,0.00,0.00,0.00,0.00
4.649,0.00,0.00,0.00,0.00,0.00,0.00,0.00,0.00
4.671,0.00,0.00,0.00,0.00,0.00,0.00,0.00,0.00
4.696,0.00,0.00,0.00,0.00,0.00,0.00,0.00,0.00
4.724,0.00,0.00,0.00,0.00,0.00,0.00,0.00,0.00
4.744,0.00,0.00,0.00,0.00,0.00,0.00,0.00,0.00
4.769,0.00,0.00,0.00,0.00,0.00,0.00,0.00,0.00
4.793,0.00,0.00,0.00,0.00,0.00,0.00,0.00,0.00
4.812,0.00,0.00,0.00,0.00,0.00,0.00,0.00,0.00
4.844,0.00,0.00,0.00,0.00,0.00,0.00,0.00,0.00
4.865,0.00,0.00,0.00,0.00,0.00,0.00,0.00,0.00
4.887,0.00,0.00,0.00,0.00,0.00,0.00,0.00,0.00
4.916,0.00,0.00,0.00,0.00,0.00,0.00,0.00,0.00
4.940,0.00,0.00,0.00,0.00,0.00,0.00,0.00,0.00
4.963,0.00,0.00,0.00,0.00,0.00,0.00,0.00,0.00
4.981,0.00,0.00,0.00,0.00,0.00,0.00,0.00,0.00
5.004,0.00,0.00,0.00,0.00,0.00,0.00,0.00,0.00
5.028,0.00,0.00,0.00,0.00,0.00,0.00,0.00,0.00
5.052,0.00,0.00,0.00,0.00,0.00,0.00,0.00,0.00
5.075,0.00,0.00,0.00,0.00,0.00,0.00,0.00,0.00
5.098,0.00,0.00,0.00,0.00,0.00,0.00,0.00,0.00
5.119,0.00,0.00,0.00,0.00,0.00,0.00,0.00,0.00
5.143,0.00,0.00,0.00,0.00,0.00,0.00,0.00,0.00
5.166,0.00,0.00,0.00,0.00,0.00,0.00,0.00,0.00
5.188,0.00,0.00,0.00,0.00,0.00,0.00,0.00,0.00
5.211,0.00,0.00,0.00,0.00,0.00,0.00,0.00,0.00
5.230,0.00,0.00,0.00,0.00,0.00,0.00,0.00,0.00
5.253,0.00,0.00,0.00,0.00,0.00,0.00,0.00,0.00
5.277,0.00,0.00,0.00,0.00,0.00,0.00,0.00,0.00
5.298,0.00,0.00,0.00,0.00,0.00,0.00,0.00,0.00
5.322,0.00,0.00,0.00,0.00,0.00,0.00,0.00,0.00
5.345,0.00,0.00,0.00,0.00,0.00,0.00,0.00,0.00
5.369,0.00,0.00,0.00,0.00,0.00,0.00,0.00,0.00
5.395,0.00,0.00,0.00,0.00,0.00,0.00,0.00,0.00
5.425,0.00,0.00,0.00,0.00,0.00,0.00,0.00,0.00
5.454,0.00,0.00,0.00,0.00,0.00,0.00,0.00,0.00
5.480,0.00,0.00,0.00,0.00,0.00,0.00,0.00,0.00
5.504,0.00,0.00,0.00,0.00,0.00,0.00,0.00,0.00
5.530,0.00,0.00,0.00,0.00,0.00,0.00,0.00,0.00
5.555,0.00,0.00,0.00,0.00,0.00,0.00,0.00,0.00
5.583,0.00,0.00,0.00,0.00,0.00,0.00,0.00,0.00
5.611,0.00,0.00,0.00,0.00,0.00,0.00,0.00,0.00
5.637,0.00,0.00,0.00,0.00,0.00,0.00,0.00,0.00
5.664,0.00,0.00,0.00,0.00,0.00,0.00,0.00,0.00
5.695,0.00,-0.01,0.00,0.00,0.00,0.00,0.00,0.00
5.718,0.00,-0.02,0.00,0.00,0.00,0.00,0.00,0.00
5.741,0.00,-0.03,0.00,0.00,0.00,0.00,0.00,0.00
5.767,0.00,-0.05,0.00,0.00,0.00,0.00,0.00,0.00
5.790,0.00,-0.09,0.00,0.00,0.00,0.00,0.00,0.00
5.819,0.00,-0.11,0.00,0.00,0.00,0.00,0.00,0.00
5.841,0.00,-0.14,0.00,0.00,0.00,0.00,0.00,0.00
5.868,0.00,-0.16,0.00,0.00,0.00,0.00,0.00,0.00
5.888,0.00,-0.18,0.00,0.00,0.00,0.00,0.00,0.00
5.916,0.00,-0.23,0.00,0.00,0.00,0.00,0.00,0.00
5.940,0.00,-0.25,0.00,0.00,0.00,0.00,0.00,0.00
5.965,0.00,-0.28,0.00,0.00,0.00,0.00,0.00,0.00
5.990,0.00,-0.32,0.00,0.00,0.00,0.00,0.00,0.00
6.013,0.00,-0.35,0.00,0.00,0.00,0.00,0.00,0.00
6.035,0.00,-0.37,0.00,0.00,0.00,0.00,0.00,0.00
6.059,0.00,-0.39,0.00,0.00,0.00,0.00,0.00,0.00
6.081,0.00,-0.42,0.00,0.00,0.00,0.00,0.00,0.00
6.101,0.00,-0.44,0.00,0.00,0.00,0.00,0.00,0.00
6.124,0.00,-0.46,0.00,0.00,0.00,0.00,0.00,0.00
6.148,0.00,-0.49,0.00,0.00,0.00,0.00,0.00,0.00
6.173,0.00,-0.53,0.00,0.00,0.00,0.00,0.00,0.00
6.200,0.00,-0.56,0.00,0.00,0.00,0.00,0.00,0.00
6.223,0.00,-0.58,0.00,0.00,0.00,0.00,0.00,0.00
6.245,0.00,-0.60,0.00,0.00,0.00,0.00,0.00,0.00
6.269,0.00,-0.61,0.00,0.00,0.00,0.00,0.00,0.00
6.293,0.00,-0.61,0.00,0.00,0.00,0.00,0.00,0.00
6.317,0.00,-0.62,0.00,0.00,0.00,0.00,0.00,0.00
6.342,0.00,-0.62,0.00,0.00,0.00,0.00,0.00,0.00
6.378,0.00,-0.62,0.00,0.00,0.00,0.00,0.00,0.00
6.400,0.00,-0.62,0.00,0.00,0.00,0.00,0.00,0.00
6.423,0.00,-0.61,0.00,0.00,0.00,0.00,0.00,0.00
6.448,0.00,-0.61,0.00,0.00,0.00,0.00,0.00,0.00
6.470,0.00,-0.61,0.00,0.00,0.00,0.00,0.00,0.00
6.497,0.00,-0.60,0.00,0.00,0.00,0.00,0.00,0.00
6.524,0.00,-0.59,0.00,0.00,0.00,0.00,0.00,0.00
6.551,0.00,-0.55,0.00,0.00,0.00,0.00,0.00,0.00
6.579,0.00,-0.53,0.00,0.00,0.00,0.00,0.00,0.00
6.606,0.00,-0.51,0.00,0.00,0.00,0.00,0.00,0.00
6.633,0.00,-0.47,0.00,0.00,0.00,0.00,0.00,0.00
6.659,0.00,-0.46,0.00,0.00,0.00,0.00,0.00,0.00
6.688,0.00,-0.45,0.00,0.00,0.00,0.00,0.00,0.00
6.716,0.00,-0.44,0.00,0.00,0.00,0.00,0.00,0.00
6.739,0.00,-0.44,0.00,0.00,0.00,0.00,0.00,0.00
6.766,0.00,-0.43,0.00,0.00,0.00,0.00,0.00,0.00
6.789,0.00,-0.43,0.00,0.00,0.00,0.00,0.00,0.00
6.816,0.00,-0.42,0.00,0.00,0.00,0.00,0.00,0.00
6.839,0.00,-0.42,0.00,0.00,0.00,0.00,0.00,0.00
6.864,0.00,-0.42,0.00,0.00,0.00,0.00,0.00,0.00
6.886,0.00,-0.42,0.00,0.00,0.00,0.00,0.00,0.00
6.914,0.00,-0.41,0.00,0.00,0.00,0.00,0.00,0.00
6.941,0.00,-0.41,0.00,0.00,0.00,0.00,0.00,0.00
6.965,0.00,-0.41,0.00,0.00,0.00,0.00,0.00,0.00
6.988,0.00,-0.40,0.00,0.00,0.00,0.00,0.00,0.00
7.014,0.00,-0.40,0.00,0.00,0.00,0.00,0.00,0.00
7.039,0.00,-0.40,0.00,0.00,0.00,0.00,0.00,0.00
7.062,0.00,-0.40,0.00,0.00,0.00,0.00,0.00,0.00
7.085,0.00,-0.39,0.00,0.00,0.00,0.00,0.00,0.00
7.108,0.00,-0.39,0.00,0.00,0.00,0.00,0.00,0.00
7.134,0.00,-0.39,0.00,0.00,0.00,0.00,0.00,0.00
7.157,0.00,-0.38,0.00,0.00,0.00,0.00,0.00,0.00
7.183,0.00,-0.38,0.00,0.00,0.00,0.00,0.00,0.00
7.208,0.00,-0.38,0.00,0.00,0.00,0.00,0.00,0.00
7.233,0.00,-0.38,0.00,0.00,0.00,0.00,0.00,0.00
7.258,0.00,-0.38,0.00,0.00,0.00,0.00,0.00,0.00
7.285,0.00,-0.38,0.00,0.00,0.00,0.00,0.00,0.00
7.307,0.00,-0.38,0.00,0.00,0.00,0.00,0.00,0.00
7.332,0.00,-0.38,0.00,0.00,0.00,0.00,0.00,0.00
7.358,0.00,-0.38,0.00,0.00,0.00,0.00,0.00,0.00
7.387,0.00,-0.38,0.00,0.00,0.00,0.00,0.00,0.00
7.412,0.00,-0.38,0.00,0.00,0.00,0.00,0.00,0.00
7.438,0.00,-0.38,0.00,0.00,0.00,0.00,0.00,0.00
7.462,0.00,-0.38,0.00,0.00,0.00,0.00,0.00,0.00
7.485,0.00,-0.38,0.00,0.00,0.00,0.00,0.00,0.00
7.509,0.00,-0.38,0.00,0.00,0.00,0.00,0.00,0.00
7.536,0.00,-0.38,0.00,0.00,0.00,0.00,0.00,0.00
7.564,0.00,-0.38,0.00,0.00,0.00,0.00,0.00,0.00
7.589,0.00,-0.38,0.00,0.00,0.00,0.00,0.00,0.00
7.620,0.00,-0.38,0.00,0.00,0.00,0.00,0.00,0.00
7.644,0.00,-0.38,0.00,0.00,0.00,0.00,0.00,0.00
7.669,0.00,-0.38,0.00,0.00,0.00,0.00,0.00,0.00
7.695,0.00,-0.38,0.00,0.00,0.00,0.00,0.00,0.00
7.720,0.00,-0.38,0.00,0.00,0.00,0.00,0.00,0.00
7.748,0.00,-0.38,0.00,0.00,0.00,0.00,0.00,0.00
7.776,0.00,-0.38,0.00,0.00,0.00,0.00,0.00,0.00
7.805,0.00,-0.38,0.00,0.00,0.00,0.00,0.00,0.00
7.831,0.00,-0.38,0.00,0.00,0.00,0.00,0.00,0.00
7.858,0.00,-0.38,0.00,0.00,0.00,0.00,0.00,0.00
7.884,0.00,-0.38,0.00,0.00,0.00,0.00,0.00,0.00
7.908,0.00,-0.38,0.00,0.00,0.00,0.00,0.00,0.00
7.933,0.00,-0.38,0.00,0.00,0.00,0.00,0.00,0.00
7.955,0.00,-0.38,0.00,0.00,0.00,0.00,0.00,0.00
7.987,0.00,-0.38,0.00,0.00,0.00,0.00,0.00,0.00
8.010,0.00,-0.38,0.00,0.00,0.00,0.00,0.00,0.00
8.035,0.00,-0.38,0.00,0.00,0.00,0.00,0.00,0.00
8.056,0.00,-0.38,0.00,0.00,0.00,0.00,0.00,0.00
8.082,0.00,-0.38,0.00,0.00,0.00,0.00,0.00,0.00
8.105,0.00,-0.38,0.00,0.00,0.00,0.00,0.00,0.00
8.128,0.00,-0.38,0.00,0.00,0.00,0.00,0.00,0.00
8.153,0.00,-0.38,0.00,0.00,0.00,0.00,0.00,0.00
8.179,0.00,-0.38,0.00,0.00,0.00,0.00,0.00,0.00
8.203,0.00,-0.38,0.00,0.00,0.00,0.00,0.00,0.00
8.227,0.00,-0.38,0.00,0.00,0.00,0.00,0.00,0.00
8.252,0.00,-0.38,0.00,0.00,0.00,0.00,0.00,0.00
8.274,0.00,-0.38,0.00,0.00,0.00,0.00,0.00,0.00
8.299,0.00,-0.38,0.00,0.00,0.00,0.00,0.00,0.00
8.321,0.00,-0.38,0.00,0.00,0.00,0.00,0.00,0.00
8.346,0.00,-0.38,0.00,0.00,0.00,0.00,0.00,0.00
8.372,0.00,-0.38,0.00,0.00,0.00,0.00,0.00,0.00
8.397,0.00,-0.38,0.00,0.00,0.00,0.00,0.00,0.00
8.421,0.00,-0.38,0.00,0.00,0.00,0.00,0.00,0.00
8.447,0.00,-0.38,0.00,0.00,0.00,0.00,0.00,0.00
8.467,0.00,-0.38,0.00,0.00,0.00,0.00,0.00,0.00
8.494,0.00,-0.38,0.00,0.00,0.00,0.00,0.00,0.00
8.517,0.00,-0.38,0.00,0.00,0.00,0.00,0.00,0.00
8.539,0.00,-0.38,0.00,0.00,0.00,0.00,0.00,0.00
8.564,0.00,-0.38,0.00,0.00,0.00,0.00,0.00,0.00
8.586,0.00,-0.38,0.00,0.00,0.00,0.00,0.00,0.00
8.610,0.00,-0.38,0.00,0.00,0.00,0.00,0.00,0.00
8.635,0.00,-0.38,0.00,0.00,0.00,0.00,0.00,0.00
8.658,0.00,-0.38,0.00,0.00,0.00,0.00,0.00,0.00
8.680,0.00,-0.38,0.00,0.00,0.00,0.00,0.00,0.00
8.704,0.00,-0.38,0.00,0.00,0.00,0.00,0.00,0.00
8.726,0.00,-0.38,0.00,0.00,0.00,0.00,0.00,0.00
8.750,0.00,-0.38,0.00,0.00,0.00,0.00,0.00,0.00
8.773,0.00,-0.38,0.00,0.00,0.00,0.00,0.00,0.00
8.799,0.00,-0.38,0.00,0.00,0.00,0.00,0.00,0.00
8.826,0.00,-0.38,0.00,0.00,0.00,0.00,0.00,0.00
8.849,0.00,-0.38,0.00,0.00,0.00,0.00,0.00,0.00
8.873,0.00,-0.38,0.00,0.00,0.00,0.00,0.00,0.00
8.899,0.00,-0.38,0.00,0.00,0.00,0.00,0.00,0.00
8.922,0.00,-0.38,0.00,0.00,0.00,0.00,0.00,0.00
8.946,0.00,-0.38,0.00,0.00,0.00,0.00,0.00,0.00
8.968,0.00,-0.38,0.00,0.00,0.00,0.00,0.00,0.00
8.991,0.00,-0.38,0.00,0.00,0.00,0.00,0.00,0.00
9.016,0.00,-0.38,0.00,0.00,0.00,0.00,0.00,0.00
9.040,0.00,-0.38,0.00,0.00,0.00,0.00,0.00,0.00
9.066,0.00,-0.38,0.00,0.00,0.00,0.00,0.00,0.00
9.093,0.00,-0.38,0.00,0.00,0.00,0.00,0.00,0.00
9.117,0.00,-0.38,0.00,0.00,0.00,0.00,0.00,0.00
9.139,0.00,-0.38,0.00,0.00,0.00,0.00,0.00,0.00
9.167,0.00,-0.38,0.00,0.00,0.00,0.00,0.00,0.00
9.190,0.00,-0.38,0.00,0.00,0.00,0.00,0.00,0.00
9.214,0.00,-0.38,0.00,0.00,0.00,0.00,0.00,0.00
9.239,0.00,-0.38,0.00,0.00,0.00,0.00,0.00,0.00
9.259,0.00,-0.38,0.00,0.00,0.00,0.00,0.00,0.00
9.282,0.00,-0.38,0.00,0.00,0.00,0.00,0.00,0.00
9.310,0.00,-0.38,0.00,0.00,0.00,0.00,0.00,0.00
9.334,0.00,-0.38,0.00,0.00,0.00,0.00,0.00,0.00
9.356,0.00,-0.38,0.00,0.00,0.00,0.00,0.00,0.00
9.382,0.00,-0.38,0.00,0.00,0.00,0.00,0.00,0.00
9.406,0.00,-0.38,0.00,0.00,0.00,0.00,0.00,0.00
9.432,0.00,-0.38,0.00,0.00,0.00,0.00,0.00,0.00
9.455,0.00,-0.38,0.00,0.00,0.00,0.00,0.00,0.00
9.481,0.00,-0.38,0.00,0.00,0.00,0.00,0.00,0.00
9.502,0.00,-0.38,0.00,0.00,0.00,0.00,0.00,0.00
9.525,0.00,-0.38,0.00,0.00,0.00,0.00,0.00,0.00
9.559,0.00,-0.38,0.00,0.00,0.00,0.00,0.00,0.00
9.580,0.00,-0.38,0.00,0.00,0.00,0.00,0.00,0.00
9.603,0.00,-0.38,0.00,0.00,0.00,0.00,0.00,0.00
9.630,0.00,-0.38,0.00,0.00,0.00,0.00,0.00,0.00
9.651,0.00,-0.38,0.00,0.00,0.00,0.00,0.00,0.00
9.675,0.00,-0.38,0.00,0.00,0.00,0.00,0.00,0.00
9.702,0.00,-0.38,0.00,0.00,0.00,0.00,0.00,0.00
9.727,0.00,-0.38,0.00,0.00,0.00,0.00,0.00,0.00
9.751,0.00,-0.38,0.00,0.00,0.00,0.00,0.00,0.00
9.774,0.00,-0.38,0.00,0.00,0.00,0.00,0.00,0.00
9.796,0.00,-0.38,0.00,0.00,0.00,0.00,0.00,0.00
9.817,0.00,-0.38,0.00,0.00,0.00,0.00,0.00,0.00
9.843,0.00,-0.38,0.00,0.00,0.00,0.00,0.00,0.00
9.866,0.00,-0.38,0.00,0.00,0.00,0.00,0.00,0.00
9.890,0.00,-0.38,0.00,0.00,0.00,0.00,0.00,0.00
9.916,0.00,-0.38,0.00,0.00,0.00,0.00,0.00,0.00
9.941,0.00,-0.38,0.00,0.00,0.00,0.00,0.00,0.00
9.966,0.00,-0.38,0.00,0.00,0.00,0.00,0.00,0.00
9.991,0.01,-0.38,0.00,0.00,0.00,0.00,0.00,0.00
10.013,0.01,-0.38,0.00,0.00,0.00,0.00,0.00,0.00
10.040,0.02,-0.38,0.00,0.00,0.00,0.00,0.00,0.00
10.065,0.02,-0.38,0.00,0.00,0.00,0.00,0.00,0.00
10.089,0.03,-0.38,0.00,0.00,0.00,0.00,0.00,0.00
10.113,0.04,-0.38,0.00,0.00,0.00,0.00,0.00,0.00
10.140,0.05,-0.38,0.00,0.00,0.00,0.00,0.00,0.00
10.164,0.06,-0.38,0.00,0.00,0.00,0.00,0.00,0.00
10.190,0.07,-0.38,0.00,0.00,0.00,0.00,0.00,0.00
10.216,0.08,-0.38,0.00,0.00,0.00,0.00,0.00,0.00
10.241,0.09,-0.38,0.00,0.00,0.00,0.00,0.00,0.00
10.271,0.10,-0.38,0.00,0.00,0.00,0.00,0.00,0.00
10.295,0.11,-0.38,0.00,0.00,0.00,0.00,0.00,0.00
10.321,0.11,-0.38,0.00,0.00,0.00,0.00,0.00,0.00
10.346,0.12,-0.38,0.00,0.00,0.00,0.00,0.00,0.00
10.372,0.13,-0.38,0.00,0.00,0.00,0.00,0.00,0.00
10.395,0.14,-0.38,0.00,0.00,0.00,0.00,0.00,0.00
10.419,0.15,-0.38,0.00,0.00,0.00,0.00,0.00,0.00
10.442,0.16,-0.38,0.00,0.00,0.00,0.00,0.00,0.00
10.468,0.16,-0.38,0.00,0.00,0.00,0.00,0.00,0.00
10.490,0.18,-0.38,0.00,0.00,0.00,0.00,0.00,0.00
10.514,0.18,-0.38,0.00,0.00,0.00,0.00,0.00,0.00
10.537,0.19,-0.38,0.00,0.00,0.00,0.00,0.00,0.00
10.562,0.20,-0.38,0.00,0.00,0.00,0.00,0.00,0.00
10.584,0.20,-0.38,0.00,0.00,0.00,0.00,0.00,0.00
10.605,0.21,-0.38,0.00,0.00,0.00,0.00,0.00,0.00
10.630,0.23,-0.38,0.00,0.00,0.00,0.00,0.00,0.00
10.653,0.23,-0.38,0.00,0.00,0.00,0.00,0.00,0.00
10.679,0.24,-0.38,0.00,0.00,0.00,0.00,0.00,0.00
10.703,0.25,-0.38,0.00,0.00,0.00,0.00,0.00,0.00
10.724,0.25,-0.38,0.00,0.00,0.00,0.00,0.00,0.00
10.750,0.27,-0.38,0.00,0.00,0.00,0.00,0.00,0.00
10.772,0.27,-0.38,0.00,0.00,0.00,0.00,0.00,0.00
10.798,0.28,-0.38,0.00,0.00,0.00,0.00,0.00,0.00
10.821,0.29,-0.38,0.00,0.00,0.00,0.00,0.00,0.00
10.845,0.30,-0.38,0.00,0.00,0.00,0.00,0.00,0.00
10.872,0.31,-0.38,0.00,0.00,0.00,0.00,0.00,0.00
10.898,0.32,-0.38,0.00,0.00,0.00,0.00,0.00,0.00
10.920,0.32,-0.38,0.00,0.00,0.00,0.00,0.00,0.00
10.943,0.33,-0.38,0.00,0.00,0.00,0.00,0.00,0.00
10.966,0.33,-0.38,0.00,0.00,0.00,0.00,0.00,0.00
10.994,0.33,-0.38,0.00,0.00,0.00,0.00,0.00,0.00
11.024,0.33,-0.38,0.00,0.00,0.00,0.00,0.00,0.00
11.051,0.33,-0.38,0.00,0.00,0.00,0.00,0.00,0.00
11.079,0.33,-0.38,0.00,0.00,0.00,0.00,0.00,0.00
11.105,0.33,-0.38,0.00,0.00,0.00,0.00,0.00,0.00
11.132,0.33,-0.38,0.00,0.00,0.00,0.00,0.00,0.00
11.161,0.33,-0.38,0.00,0.00,0.00,0.00,0.00,0.00
11.194,0.33,-0.38,0.00,0.00,0.00,0.00,0.00,0.00
11.218,0.33,-0.38,0.00,0.00,0.00,0.00,0.00,0.00
11.242,0.33,-0.38,0.00,0.00,0.00,0.00,0.00,0.00
11.273,0.33,-0.38,0.00,0.00,0.00,0.00,0.00,0.00
11.297,0.33,-0.38,0.00,0.00,0.00,0.00,0.00,0.00
11.324,0.33,-0.38,0.00,0.00,0.00,0.00,0.00,0.00
11.354,0.33,-0.38,0.00,0.00,0.00,0.00,0.00,0.00
11.381,0.33,-0.38,0.00,0.00,0.00,0.00,0.00,0.00
11.405,0.33,-0.38,0.00,0.00,0.00,0.00,0.00,0.00
11.437,0.33,-0.38,0.00,0.00,0.00,0.00,0.00,0.00
11.466,0.33,-0.38,0.00,0.00,0.00,0.00,0.00,0.00
11.494,0.33,-0.38,0.00,0.00,0.00,0.00,0.00,0.00
11.520,0.33,-0.38,0.00,0.00,0.00,0.00,0.00,0.00
11.546,0.32,-0.38,0.00,0.00,0.00,0.00,0.00,0.00
11.575,0.32,-0.38,0.00,0.00,0.00,0.00,0.00,0.00
11.602,0.32,-0.38,0.00,0.00,0.00,0.00,0.00,0.00
11.629,0.30,-0.38,0.00,0.00,0.00,0.00,0.00,0.00
11.657,0.30,-0.38,0.00,0.00,0.00,0.00,0.00,0.00
11.683,0.29,-0.38,0.00,0.00,0.00,0.00,0.00,0.00
11.708,0.29,-0.38,0.00,0.00,0.00,0.00,0.00,0.00
11.732,0.27,-0.38,0.00,0.00,0.00,0.00,0.00,0.00
11.762,0.27,-0.38,0.00,0.00,0.00,0.00,0.00,0.00
11.787,0.26,-0.38,0.00,0.00,0.00,0.00,0.00,0.00
11.814,0.25,-0.38,0.00,0.00,0.00,0.00,0.00,0.00
11.838,0.24,-0.38,0.00,0.00,0.00,0.00,0.00,0.00
11.861,0.24,-0.38,0.00,0.00,0.00,0.00,0.00,0.00
11.888,0.23,-0.38,0.00,0.00,0.00,0.00,0.00,0.00
11.915,0.22,-0.38,0.00,0.00,0.00,0.00,0.00,0.00
11.940,0.21,-0.38,0.00,0.00,0.00,0.00,0.00,0.00
11.967,0.20,-0.38,0.00,0.00,0.00,0.00,0.00,0.00
11.994,0.19,-0.38,0.00,0.00,0.00,0.00,0.00,0.00
12.019,0.19,-0.38,0.00,0.00,0.00,0.00,0.00,0.00
12.043,0.18,-0.38,0.00,0.00,0.00,0.00,0.00,0.00
12.067,0.18,-0.38,0.00,0.00,0.00,0.00,0.00,0.00
12.093,0.17,-0.38,0.00,0.00,0.00,0.00,0.00,0.00
12.117,0.17,-0.38,0.00,0.00,0.00,0.00,0.00,0.00
12.144,0.17,-0.38,0.00,0.00,0.00,0.00,0.00,0.00
12.170,0.17,-0.38,0.00,0.00,0.00,0.00,0.00,0.00
12.195,0.17,-0.38,0.00,0.00,0.00,0.00,0.00,0.00
12.216,0.17,-0.38,0.00,0.00,0.00,0.00,0.00,0.00
12.240,0.17,-0.38,0.00,0.00,0.00,0.00,0.00,0.00
12.267,0.17,-0.38,0.00,0.00,0.00,0.00,0.00,0.00
12.291,0.17,-0.38,0.00,0.00,0.00,0.00,0.00,0.00
12.317,0.17,-0.38,0.00,0.00,0.00,0.00,0.00,0.00
12.343,0.17,-0.38,0.00,0.00,0.00,0.00,0.00,0.00
12.367,0.17,-0.38,0.00,0.00,0.00,0.00,0.00,0.00
12.395,0.17,-0.38,0.00,0.00,0.00,0.00,0.00,0.00
12.428,0.17,-0.38,0.00,0.00,0.00,0.00,0.00,0.00
12.452,0.17,-0.38,0.00,0.00,0.00,0.00,0.00,0.00
12.481,0.17,-0.38,0.00,0.00,0.00,0.00,0.00,0.00
12.506,0.17,-0.38,0.00,0.00,0.00,0.00,0.00,0.00
12.533,0.17,-0.38,0.00,0.00,0.00,0.00,0.00,0.00
12.556,0.17,-0.38,0.00,0.00,0.00,0.00,0.00,0.00
12.584,0.17,-0.38,0.00,0.00,0.00,0.00,0.00,0.00
12.613,0.17,-0.38,0.00,0.00,0.00,0.00,0.00,0.00
12.637,0.17,-0.38,0.00,0.00,0.00,0.00,0.00,0.00
12.660,0.17,-0.38,0.00,0.00,0.00,0.00,0.00,0.00
12.688,0.17,-0.38,0.00,0.00,0.00,0.00,0.00,0.00
12.715,0.17,-0.38,0.00,0.00,0.00,0.00,0.00,0.00
12.741,0.17,-0.38,0.00,0.00,0.00,0.00,0.00,0.00
12.768,0.17,-0.38,0.00,0.00,0.00,0.00,0.00,0.00
12.791,0.17,-0.38,0.00,0.00,0.00,0.00,0.00,0.00
12.818,0.17,-0.38,0.00,0.00,0.00,0.00,0.00,0.00
12.846,0.17,-0.38,0.00,0.00,0.00,0.00,0.00,0.00
12.872,0.17,-0.38,0.00,0.00,0.00,0.00,0.00,0.00
12.900,0.17,-0.38,0.00,0.00,0.00,0.00,0.00,0.00
12.930,0.17,-0.38,0.00,0.00,0.00,0.00,0.00,0.00
12.949,0.17,-0.38,0.00,0.00,0.00,0.00,0.00,0.00
12.973,0.17,-0.38,0.00,0.00,0.00,0.00,0.00,0.00
12.998,0.17,-0.38,0.00,0.00,0.00,0.00,0.00,0.00
13.020,0.17,-0.38,0.00,0.00,0.00,0.00,0.00,0.00
13.048,0.17,-0.38,0.00,0.00,0.00,0.00,0.00,0.00
13.069,0.17,-0.38,0.00,0.00,0.00,0.00,0.00,0.00
13.096,0.17,-0.38,0.00,0.00,0.00,0.00,0.00,0.00
13.121,0.17,-0.38,0.00,0.00,0.00,0.00,0.00,0.00
13.145,0.17,-0.38,0.00,0.00,0.00,0.00,0.00,0.00
13.172,0.17,-0.38,0.00,0.00,0.00,0.00,0.00,0.00
13.197,0.17,-0.38,0.00,0.00,0.00,0.00,0.00,0.00
13.219,0.17,-0.38,0.00,0.00,0.00,0.00,0.00,0.00
13.243,0.17,-0.38,0.00,0.00,0.00,0.00,0.00,0.00
13.267,0.17,-0.38,0.00,0.00,0.00,0.00,0.00,0.00
13.295,0.17,-0.38,0.00,0.00,0.00,0.00,0.00,0.00
13.320,0.17,-0.38,0.00,0.00,0.00,0.00,0.00,0.00
13.346,0.17,-0.38,0.00,0.00,0.00,0.00,0.00,0.00
13.371,0.17,-0.38,0.00,0.00,0.00,0.00,0.00,0.00
13.398,0.17,-0.38,0.00,0.00,0.00,0.00,0.00,0.00
13.418,0.17,-0.38,0.00,0.00,0.00,0.00,0.00,0.00
13.443,0.17,-0.38,0.00,0.00,0.00,0.00,0.00,0.00
13.472,0.17,-0.38,0.00,0.00,0.00,0.00,0.00,0.00
13.495,0.17,-0.38,0.00,0.00,0.00,0.00,0.00,0.00
13.520,0.17,-0.38,0.00,0.00,0.00,0.00,0.00,0.00
13.546,0.17,-0.38,0.00,0.00,0.00,0.00,0.00,0.00
13.567,0.17,-0.38,0.00,0.00,0.00,0.00,0.00,0.00
13.594,0.17,-0.38,0.00,0.00,0.00,0.00,0.00,0.00
13.624,0.17,-0.38,0.00,0.00,0.00,0.00,0.00,0.00
13.651,0.17,-0.38,0.00,0.00,0.00,0.00,0.00,0.00
13.679,0.17,-0.38,0.00,0.00,0.00,0.00,0.00,0.00
13.704,0.17,-0.38,0.00,0.00,0.00,0.00,0.00,0.00
13.733,0.17,-0.38,0.00,0.00,0.00,0.00,0.00,0.00
13.768,0.17,-0.38,0.00,0.00,0.00,0.00,0.00,0.00
13.791,0.17,-0.38,0.00,0.00,0.00,0.00,0.00,0.00
13.813,0.17,-0.38,0.00,0.00,0.00,0.00,0.00,0.00
13.839,0.17,-0.38,0.00,0.00,0.00,0.00,0.00,0.00
13.867,0.17,-0.38,0.00,0.00,0.00,0.00,0.00,0.00
13.893,0.17,-0.38,0.00,0.00,0.00,0.00,0.00,0.00
13.926,0.17,-0.38,0.00,0.00,0.00,0.00,0.00,0.00
13.951,0.17,-0.38,0.00,0.00,0.00,0.00,0.00,0.00
13.977,0.17,-0.38,0.00,0.00,0.00,0.00,0.00,0.00
14.007,0.17,-0.38,0.00,0.00,0.00,0.00,0.00,0.00
14.035,0.17,-0.38,0.00,0.00,0.00,0.00,0.00,0.00
14.058,0.17,-0.38,0.00,0.00,0.00,0.00,0.00,0.00
14.088,0.17,-0.38,0.00,0.00,0.00,0.00,0.00,0.00
14.117,0.17,-0.38,0.00,0.00,0.00,0.00,0.00,0.00
14.139,0.17,-0.38,0.00,0.00,0.00,0.00,0.00,0.00
14.165,0.17,-0.38,0.00,0.00,0.00,0.00,0.00,0.00
14.190,0.17,-0.38,0.00,0.00,0.00,0.00,0.00,0.00
14.222,0.17,-0.38,0.00,0.00,0.00,0.00,0.00,0.00
14.247,0.17,-0.38,0.00,0.00,0.00,0.00,0.00,0.00
14.273,0.17,-0.38,0.00,0.00,0.00,0.00,0.00,0.00
14.298,0.17,-0.38,0.00,0.00,0.00,0.00,0.00,0.00
14.321,0.17,-0.38,0.00,0.00,0.00,0.00,0.00,0.00
14.349,0.17,-0.38,0.00,0.00,0.00,0.00,0.00,0.00
14.376,0.17,-0.38,0.00,0.00,0.00,0.00,0.00,0.00
14.402,0.17,-0.38,0.00,0.00,0.00,0.00,0.00,0.00
14.427,0.17,-0.38,0.00,0.00,0.00,0.00,0.00,0.00
14.454,0.17,-0.38,0.00,0.00,0.00,0.00,0.00,0.00
14.478,0.17,-0.38,0.00,0.00,0.00,0.00,0.00,0.00
14.505,0.17,-0.38,0.00,0.00,0.00,0.00,0.00,0.00
14.532,0.17,-0.38,0.00,0.00,0.00,0.00,0.00,0.00
14.557,0.17,-0.38,0.00,0.00,0.00,0.00,0.00,0.00
14.577,0.17,-0.38,0.00,0.00,0.00,0.00,0.00,0.00
14.605,0.17,-0.38,0.00,0.00,0.00,0.00,0.00,0.00
14.629,0.17,-0.38,0.00,0.00,0.00,0.00,0.00,0.00
14.663,0.17,-0.38,0.00,0.00,0.00,0.00,0.00,0.00
14.686,0.17,-0.38,0.00,0.00,0.00,0.00,0.00,0.00
14.715,0.17,-0.38,0.00,0.00,0.00,0.00,0.00,0.00
14.739,0.17,-0.38,0.00,0.00,0.00,0.00,0.00,0.00
14.767,0.17,-0.38,0.00,0.00,0.00,0.00,0.00,0.00
14.794,0.17,-0.38,0.00,0.00,0.00,0.00,0.00,0.00
14.824,0.17,-0.38,0.00,0.00,0.00,0.00,0.00,0.00
14.848,0.17,-0.38,0.00,0.00,0.00,0.00,0.00,0.00
14.875,0.17,-0.38,0.00,0.00,0.00,0.00,0.00,0.00
14.904,0.17,-0.38,0.00,0.00,0.00,0.00,0.00,0.00
14.932,0.17,-0.38,0.00,0.00,0.00,0.00,0.00,0.00
14.960,0.17,-0.38,0.00,0.00,0.00,0.00,0.00,0.00
14.989,0.17,-0.38,0.00,0.00,0.00,0.00,0.00,0.00
15.018,0.17,-0.38,0.00,0.00,0.00,0.00,0.00,0.00
15.048,0.17,-0.38,0.00,0.00,0.00,0.00,0.00,0.00
15.076,0.17,-0.38,0.00,0.00,0.00,0.00,0.00,0.00
15.099,0.17,-0.38,0.00,0.00,0.00,0.00,0.00,0.00
15.121,0.17,-0.38,0.00,0.00,0.00,0.00,0.00,0.00
15.149,0.17,-0.38,0.00,0.00,0.00,0.00,0.00,0.00
15.177,0.17,-0.38,0.00,0.00,0.00,0.00,0.00,0.00
15.199,0.17,-0.38,0.00,0.00,0.00,0.00,0.00,0.00
15.230,0.17,-0.38,0.00,0.00,0.00,0.00,0.00,0.00
15.262,0.17,-0.38,0.00,0.00,0.00,0.00,0.00,0.00
15.287,0.17,-0.38,0.00,0.00,0.00,0.00,0.00,0.00
15.313,0.17,-0.38,0.00,0.00,0.00,0.00,0.00,0.00
15.342,0.17,-0.38,0.00,0.00,0.00,0.00,0.00,0.00
15.376,0.17,-0.38,0.00,0.00,0.00,0.00,0.00,0.00
15.403,0.17,-0.38,0.00,0.00,0.00,0.00,0.00,0.00
15.432,0.17,-0.38,0.00,0.00,0.00,0.00,0.00,0.00
15.457,0.17,-0.38,0.00,0.00,0.00,0.00,0.00,0.00
15.486,0.17,-0.38,0.00,0.00,0.00,0.00,0.00,0.00
15.517,0.17,-0.37,0.00,0.00,0.00,0.00,0.00,0.00
15.544,0.17,-0.37,0.00,0.00,0.00,0.00,0.00,0.00
15.567,0.17,-0.36,0.00,0.00,0.00,0.00,0.00,0.00
15.597,0.17,-0.34,0.00,0.00,0.00,0.00,0.00,0.00
15.627,0.17,-0.33,0.00,0.00,0.00,0.00,0.00,0.00
15.650,0.17,-0.30,0.00,0.00,0.00,0.00,0.00,0.00
15.676,0.17,-0.28,0.00,0.00,0.00,0.00,0.00,0.00
15.706,0.17,-0.26,0.00,0.00,0.00,0.00,0.00,0.00
15.732,0.17,-0.22,0.00,0.00,0.00,0.00,0.00,0.00
15.764,0.17,-0.19,0.00,0.00,0.00,0.00,0.00,0.00
15.792,0.17,-0.15,0.00,0.00,0.00,0.00,0.00,0.00
15.824,0.17,-0.12,0.00,0.00,0.00,0.00,0.00,0.00
15.852,0.17,-0.08,0.00,0.00,0.00,0.00,0.00,0.00
15.879,0.17,-0.05,0.00,0.00,0.00,0.00,0.00,0.00
15.908,0.17,-0.03,0.00,0.00,0.00,0.00,0.00,0.00
15.934,0.17,0.01,0.00,0.00,0.00,0.00,0.00,0.00
15.961,0.17,0.03,0.00,0.00,0.00,0.00,0.00,0.00
15.983,0.17,0.06,0.00,0.00,0.00,0.00,0.00,0.00
16.006,0.17,0.08,0.00,0.00,0.00,0.00,0.00,0.00
16.032,0.17,0.12,0.00,0.00,0.00,0.00,0.00,0.00
16.058,0.17,0.15,0.00,0.00,0.00,0.00,0.00,0.00
16.081,0.17,0.17,0.00,0.00,0.00,0.00,0.00,0.00
16.115,0.17,0.22,0.00,0.00,0.00,0.00,0.00,0.00
16.149,0.17,0.26,0.00,0.00,0.00,0.00,0.00,0.00
16.180,0.17,0.29,0.00,0.00,0.00,0.00,0.00,0.00
16.207,0.17,0.31,0.00,0.00,0.00,0.00,0.00,0.00
16.232,0.17,0.36,0.00,0.00,0.00,0.00,0.00,0.00
16.259,0.17,0.38,0.00,0.00,0.00,0.00,0.00,0.00
16.284,0.17,0.40,0.00,0.00,0.00,0.00,0.00,0.00
16.312,0.17,0.44,0.00,0.00,0.00,0.00,0.00,0.00
16.341,0.17,0.45,0.00,0.00,0.00,0.00,0.00,0.00
16.367,0.17,0.46,0.00,0.00,0.00,0.00,0.00,0.00
16.390,0.17,0.48,0.00,0.00,0.00,0.00,0.00,0.00
16.419,0.17,0.49,0.00,0.00,0.00,0.00,0.00,0.00
16.446,0.17,0.50,0.00,0.00,0.00,0.00,0.00,0.00
16.484,0.17,0.51,0.00,0.00,0.00,0.00,0.00,0.00
16.515,0.17,0.53,0.00,0.00,0.00,0.00,0.00,0.00
16.548,0.17,0.53,0.00,0.00,0.00,0.00,0.00,0.00
16.579,0.17,0.54,0.00,0.00,0.00,0.00,0.00,0.00
16.612,0.17,0.54,0.00,0.00,0.00,0.00,0.00,0.00
16.640,0.17,0.55,0.00,0.00,0.00,0.00,0.00,0.00
16.665,0.17,0.55,0.00,0.00,0.00,0.00,0.00,0.00
16.691,0.17,0.56,0.00,0.00,0.00,0.00,0.00,0.00
16.716,0.17,0.56,0.00,0.00,0.00,0.00,0.00,0.00
16.743,0.17,0.56,0.00,0.00,0.00,0.00,0.00,0.00
16.768,0.17,0.57,0.00,0.00,0.00,0.00,0.00,0.00
16.793,0.17,0.57,0.00,0.00,0.00,0.00,0.00,0.00
16.821,0.17,0.57,0.00,0.00,0.00,0.00,0.00,0.00
16.852,0.17,0.58,0.00,0.00,0.00,0.00,0.00,0.00
16.878,0.17,0.58,0.00,0.00,0.00,0.00,0.00,0.00
16.905,0.17,0.58,0.00,0.00,0.00,0.00,0.00,0.00
16.933,0.17,0.59,0.00,0.00,0.00,0.00,0.00,0.00
16.957,0.17,0.59,0.00,0.00,0.00,0.00,0.00,0.00
16.983,0.17,0.59,0.00,0.00,0.00,0.00,0.00,0.00
17.007,0.17,0.59,0.00,0.00,0.00,0.00,0.00,0.00
17.032,0.17,0.59,0.00,0.00,0.00,0.00,0.00,0.00
17.057,0.17,0.59,0.00,0.00,0.00,0.00,0.00,0.00
17.084,0.17,0.59,0.00,0.00,0.00,0.00,0.00,0.00
17.110,0.17,0.59,0.00,0.00,0.00,0.00,0.00,0.00
17.136,0.17,0.59,0.00,0.00,0.00,0.00,0.00,0.00
17.160,0.17,0.59,0.00,0.00,0.00,0.00,0.00,0.00
17.189,0.17,0.59,0.00,0.00,0.00,0.00,0.00,0.00
17.215,0.17,0.59,0.00,0.00,0.00,0.00,0.00,0.00
17.243,0.17,0.59,0.00,0.00,0.00,0.00,0.00,0.00
17.269,0.17,0.59,0.00,0.00,0.00,0.00,0.00,0.00
17.296,0.17,0.59,0.00,0.00,0.00,0.00,0.00,0.00
17.321,0.17,0.59,0.00,0.00,0.00,0.00,0.00,0.00
17.351,0.17,0.59,0.00,0.00,0.00,0.00,0.00,0.00
17.376,0.17,0.59,0.00,0.00,0.00,0.00,0.00,0.00
17.402,0.17,0.59,0.00,0.00,0.00,0.00,0.00,0.00
17.427,0.17,0.59,0.00,0.00,0.00,0.00,0.00,0.00
17.457,0.17,0.59,0.00,0.00,0.00,0.00,0.00,0.00
17.485,0.17,0.59,0.00,0.00,0.00,0.00,0.00,0.00
17.511,0.17,0.59,0.00,0.00,0.00,0.00,0.00,0.00
17.541,0.17,0.59,0.00,0.00,0.00,0.00,0.00,0.00
17.565,0.17,0.59,0.00,0.00,0.00,0.00,0.00,0.00
17.591,0.17,0.59,0.00,0.00,0.00,0.00,0.00,0.00
17.615,0.17,0.59,0.00,0.00,0.00,0.00,0.00,0.00
17.641,0.17,0.59,0.00,0.00,0.00,0.00,0.00,0.00
17.667,0.17,0.59,0.00,0.00,0.00,0.00,0.00,0.00
17.694,0.17,0.59,0.00,0.00,0.00,0.00,0.00,0.00
17.719,0.17,0.59,0.00,0.00,0.00,0.00,0.00,0.00
17.745,0.17,0.59,0.00,0.00,0.00,0.00,0.00,0.00
17.771,0.17,0.59,0.00,0.00,0.00,0.00,0.00,0.00
17.800,0.17,0.59,0.00,0.00,0.00,0.00,0.00,0.00
17.825,0.17,0.59,0.00,0.00,0.00,0.00,0.00,0.00
17.852,0.17,0.59,0.00,0.00,0.00,0.00,0.00,0.00
17.878,0.17,0.59,0.00,0.00,0.00,0.00,0.00,0.00
17.903,0.17,0.59,0.00,0.00,0.00,0.00,0.00,0.00
17.928,0.17,0.59,0.00,0.00,0.00,0.00,0.00,0.00
17.949,0.17,0.59,0.00,0.00,0.00,0.00,0.00,0.00
17.973,0.17,0.59,0.00,0.00,0.00,0.00,0.00,0.00
17.999,0.17,0.59,0.00,0.00,0.00,0.00,0.00,0.00
18.024,0.17,0.59,0.00,0.00,0.00,0.00,0.00,0.00
18.052,0.17,0.59,0.00,0.00,0.00,0.00,0.00,0.00
18.090,0.17,0.59,0.00,0.00,0.00,0.00,0.00,0.00
18.120,0.17,0.59,0.00,0.00,0.00,0.00,0.00,0.00
18.161,0.17,0.59,0.00,0.00,0.00,0.00,0.00,0.00
18.203,0.17,0.59,0.00,0.00,0.00,0.00,0.00,0.00
18.225,0.17,0.59,0.00,0.00,0.00,0.00,0.00,0.00
18.248,0.17,0.59,0.00,0.00,0.00,0.00,0.00,0.00
18.270,0.17,0.59,0.00,0.00,0.00,0.00,0.00,0.00
18.295,0.17,0.59,0.00,0.00,0.00,0.00,0.00,0.00
18.324,0.17,0.59,0.00,0.00,0.00,0.00,0.00,0.00
18.353,0.17,0.59,0.00,0.00,0.00,0.00,0.00,0.00
18.377,0.17,0.59,0.00,0.00,0.00,0.00,0.00,0.00
18.404,0.17,0.59,0.00,0.00,0.00,0.00,0.00,0.00
18.432,0.17,0.59,0.00,0.00,0.00,0.00,0.00,0.00
18.459,0.17,0.59,0.00,0.00,0.00,0.00,0.00,0.00
18.484,0.17,0.59,0.00,0.00,0.00,0.00,0.00,0.00
18.513,0.17,0.59,0.00,0.00,0.00,0.00,0.00,0.00
18.540,0.17,0.59,0.00,0.00,0.00,0.00,0.00,0.00
18.565,0.17,0.59,0.00,0.00,0.00,0.00,0.00,0.00
18.592,0.17,0.59,0.00,0.00,0.00,0.00,0.00,0.00
18.619,0.17,0.59,0.00,0.00,0.00,0.00,0.00,0.00
18.647,0.17,0.59,0.00,0.00,0.00,0.00,0.00,0.00
18.675,0.17,0.59,0.00,0.00,0.00,0.00,0.00,0.00
18.699,0.17,0.59,0.00,0.00,0.00,0.00,0.00,0.00
18.728,0.17,0.59,0.00,0.00,0.00,0.00,0.00,0.00
18.757,0.17,0.59,0.00,0.00,0.00,0.00,0.00,0.00
18.788,0.17,0.59,0.00,0.00,0.00,0.00,0.00,0.00
18.818,0.17,0.59,0.00,0.00,0.00,0.00,0.00,0.00
18.843,0.17,0.59,0.00,0.00,0.00,0.00,0.00,0.00
18.872,0.17,0.59,0.00,0.00,0.00,0.00,0.00,0.00
18.899,0.17,0.59,0.00,0.00,0.00,0.00,0.00,0.00
18.922,0.17,0.59,0.00,0.00,0.00,0.00,0.00,0.00
18.950,0.17,0.59,0.00,0.00,0.00,0.00,0.00,0.00
18.976,0.17,0.59,0.00,0.00,0.00,0.00,0.00,0.00
19.000,0.17,0.59,0.00,0.00,0.00,0.00,0.00,0.00
19.024,0.17,0.59,0.00,0.00,0.00,0.00,0.00,0.00
19.048,0.17,0.59,0.00,0.00,0.00,0.00,0.00,0.00
19.075,0.17,0.59,0.00,0.00,0.00,0.00,0.00,0.00
19.103,0.17,0.59,0.00,0.00,0.00,0.00,0.00,0.00
19.127,0.17,0.59,0.00,0.00,0.00,0.00,0.00,0.00
19.152,0.17,0.59,0.00,0.00,0.00,0.00,0.00,0.00
19.183,0.17,0.59,0.00,0.00,0.00,0.00,0.00,0.00
19.215,0.17,0.59,0.00,0.00,0.00,0.00,0.00,0.00
19.246,0.17,0.59,0.00,0.00,0.00,0.00,0.00,0.00
19.278,0.17,0.59,0.00,0.00,0.00,0.00,0.00,0.00
19.307,0.17,0.59,0.00,0.00,0.00,0.00,0.00,0.00
19.331,0.17,0.59,0.00,0.00,0.00,0.00,0.00,0.00
19.363,0.17,0.59,0.00,0.00,0.00,0.00,0.00,0.00
19.395,0.17,0.59,0.00,0.00,0.00,0.00,0.00,0.00
19.424,0.17,0.59,0.00,0.00,0.00,0.00,0.00,0.00
19.449,0.17,0.59,0.00,0.00,0.00,0.00,0.00,0.00
19.476,0.17,0.59,0.00,0.00,0.00,0.00,0.00,0.00
19.504,0.17,0.59,0.00,0.00,0.00,0.00,0.00,0.00
19.532,0.17,0.59,0.00,0.00,0.00,0.00,0.00,0.00
19.566,0.17,0.59,0.00,0.00,0.00,0.00,0.00,0.00
19.596,0.17,0.59,0.00,0.00,0.00,0.00,0.00,0.00
19.624,0.17,0.59,0.00,0.00,0.00,0.00,0.00,0.00
19.653,0.17,0.59,0.00,0.00,0.00,0.00,0.00,0.00
19.684,0.17,0.59,0.00,0.00,0.00,0.00,0.00,0.00
19.713,0.17,0.59,0.00,0.00,0.00,0.00,0.00,0.00
19.738,0.17,0.59,0.00,0.00,0.00,0.00,0.00,0.00
19.764,0.17,0.59,0.00,0.00,0.00,0.00,0.00,0.00
19.788,0.17,0.59,0.00,0.00,0.00,0.00,0.00,0.00
19.814,0.17,0.59,0.00,0.00,0.00,0.00,0.00,0.00
19.842,0.17,0.59,0.00,0.00,0.00,0.00,0.00,0.00
19.876,0.17,0.59,0.00,0.00,0.00,0.00,0.00,0.00
19.897,0.17,0.59,0.00,0.00,0.00,0.00,0.00,0.00
19.922,0.17,0.59,0.00,0.00,0.00,0.00,0.00,0.00
19.947,0.17,0.59,0.00,0.00,0.00,0.00,0.00,0.00
19.973,0.17,0.59,0.00,0.00,0.00,0.00,0.00,0.00
19.999,0.17,0.59,0.00,0.00,0.00,0.00,0.00,0.00
20.023,0.17,0.59,0.00,0.00,0.00,0.00,0.00,0.00
20.047,0.17,0.59,0.00,0.00,0.00,0.00,0.00,0.00
20.075,0.17,0.59,0.00,0.00,0.00,0.00,0.00,0.00
20.097,0.17,0.59,0.00,0.00,0.00,0.00,0.00,0.00
20.123,0.17,0.59,0.00,0.00,0.00,0.00,0.00,0.00
20.149,0.17,0.59,0.00,0.00,0.00,0.00,0.00,0.00
20.176,0.17,0.59,0.00,0.00,0.00,0.00,0.00,0.00
20.201,0.17,0.59,0.00,0.00,0.00,0.00,0.00,0.00
20.226,0.17,0.59,0.00,0.00,0.00,0.00,0.00,0.00
20.252,0.17,0.59,0.00,0.00,0.00,0.00,0.00,0.00
20.276,0.17,0.59,0.00,0.00,0.00,0.00,0.00,0.00
20.301,0.17,0.59,0.00,0.00,0.00,0.00,0.00,0.00
20.325,0.17,0.59,0.00,0.00,0.00,0.00,0.00,0.00
20.351,0.17,0.59,0.00,0.00,0.00,0.00,0.00,0.00
20.378,0.17,0.59,0.00,0.00,0.00,0.00,0.00,0.00
20.402,0.17,0.59,0.00,0.00,0.00,0.00,0.00,0.00
20.426,0.17,0.59,0.00,0.00,0.00,0.00,0.00,0.00
20.448,0.17,0.59,0.00,0.00,0.00,0.00,0.00,0.00
20.473,0.17,0.59,0.00,0.00,0.00,0.00,0.00,0.00
20.494,0.17,0.59,0.00,0.00,0.00,0.00,0.00,0.00
20.521,0.17,0.59,0.00,0.00,0.00,0.00,0.00,0.00
20.547,0.17,0.59,0.00,0.00,0.00,0.00,0.00,0.00
20.575,0.17,0.59,0.00,0.00,0.00,0.00,0.00,0.00
20.601,0.17,0.59,0.00,0.00,0.00,0.00,0.00,0.00
20.624,0.17,0.59,0.00,0.00,0.00,0.00,0.00,0.00
20.648,0.17,0.59,0.00,0.00,0.00,0.00,0.00,0.00
20.673,0.17,0.59,0.00,0.00,0.00,0.00,0.00,0.00
20.694,0.17,0.59,0.00,0.00,0.00,0.00,0.00,0.00
20.719,0.17,0.59,0.00,0.00,0.00,0.00,0.00,0.00
20.744,0.17,0.59,0.00,0.00,0.00,0.00,0.00,0.00
20.767,0.17,0.59,0.00,0.00,0.00,0.00,0.00,0.00
20.790,0.17,0.59,0.00,0.00,0.00,0.00,0.00,0.00
20.814,0.17,0.59,0.00,0.00,0.00,0.00,0.00,0.00
20.838,0.17,0.59,0.00,0.00,0.00,0.00,0.00,0.00
20.862,0.17,0.59,0.00,0.00,0.00,0.00,0.00,0.00
20.886,0.17,0.59,0.00,0.00,0.00,0.00,0.00,0.00
20.909,0.17,0.59,0.00,0.00,0.00,0.00,0.00,0.00
20.936,0.17,0.59,0.00,0.00,0.00,0.00,0.00,0.00
20.960,0.17,0.59,0.00,0.00,0.00,0.00,0.00,0.00
20.984,0.17,0.59,0.00,0.00,0.00,0.00,0.00,0.00
21.007,0.17,0.59,0.00,0.00,0.00,0.00,0.00,0.00
21.033,0.17,0.59,0.00,0.00,0.00,0.00,0.00,0.00
21.060,0.17,0.59,0.00,0.00,0.00,0.00,0.00,0.00
21.080,0.17,0.59,0.00,0.00,0.00,0.00,0.00,0.00
21.106,0.17,0.59,0.00,0.00,0.00,0.00,0.00,0.00
21.131,0.17,0.59,0.00,0.00,0.00,0.00,0.00,0.00
21.158,0.17,0.59,0.00,0.00,0.00,0.00,0.00,0.00
21.185,0.17,0.59,0.00,0.00,0.00,0.00,0.00,0.00
21.210,0.17,0.59,0.00,0.00,0.00,0.00,0.00,0.00
21.234,0.17,0.59,0.00,0.00,0.00,0.00,0.00,0.00
21.262,0.17,0.59,0.00,0.00,0.00,0.00,0.00,0.00
21.291,0.17,0.59,0.00,0.00,0.00,0.00,0.00,0.00
21.314,0.17,0.59,0.00,0.00,0.00,0.00,0.00,0.00
21.338,0.17,0.59,0.00,0.00,0.00,0.00,0.00,0.00
21.361,0.17,0.59,0.00,0.00,0.00,0.00,0.00,0.00
21.391,0.17,0.59,0.00,0.00,0.00,0.00,0.00,0.00
21.427,0.17,0.59,0.00,0.00,0.00,0.00,0.00,0.00
21.452,0.17,0.59,0.00,0.00,0.00,0.00,0.00,0.00
21.480,0.17,0.59,0.00,0.00,0.00,0.00,0.00,0.00
21.505,0.17,0.59,0.00,0.00,0.00,0.00,0.00,0.00
21.533,0.17,0.59,0.00,0.00,0.00,0.00,0.00,0.00
21.559,0.17,0.59,0.00,0.00,0.00,0.00,0.00,0.00
21.584,0.17,0.59,0.00,0.00,0.00,0.00,0.00,0.00
21.610,0.17,0.59,0.00,0.00,0.00,0.00,0.00,0.00
21.635,0.17,0.59,0.00,0.00,0.00,0.00,0.00,0.00
21.658,0.17,0.59,0.00,0.00,0.00,0.00,0.00,0.00
21.682,0.17,0.59,0.00,0.00,0.00,0.00,0.00,0.00
21.704,0.17,0.59,0.00,0.00,0.00,0.00,0.00,0.00
21.725,0.17,0.59,0.00,0.00,0.00,0.00,0.00,0.00
21.755,0.17,0.59,0.00,0.00,0.00,0.00,0.00,0.00
21.777,0.17,0.59,0.00,0.00,0.00,0.00,0.00,0.00
21.797,0.17,0.59,0.00,0.00,0.00,0.00,0.00,0.00
21.821,0.17,0.59,0.00,0.00,0.00,0.00,0.00,0.00
21.850,0.17,0.59,0.00,0.00,0.00,0.00,0.00,0.00
21.876,0.17,0.59,0.00,0.00,0.00,0.00,0.00,0.00
21.901,0.17,0.59,0.00,0.00,0.00,0.00,0.00,0.00
21.925,0.17,0.59,0.00,0.00,0.00,0.00,0.00,0.00
21.952,0.17,0.59,0.00,0.00,0.00,0.00,0.00,0.00
21.980,0.17,0.59,0.00,0.00,0.00,0.00,0.00,0.00
22.002,0.17,0.59,0.00,0.00,0.00,0.00,0.00,0.00
22.023,0.17,0.59,0.00,0.00,0.00,0.00,0.00,0.00
22.046,0.17,0.59,0.00,0.00,0.00,0.00,0.00,0.00
22.075,0.17,0.59,0.00,0.00,0.00,0.00,0.00,0.00
22.100,0.17,0.59,0.00,0.00,0.00,0.00,0.00,0.00
22.124,0.17,0.59,0.00,0.00,0.00,0.00,0.00,0.00
22.151,0.17,0.59,0.00,0.00,0.00,0.00,0.00,0.00
22.180,0.17,0.59,0.00,0.00,0.00,0.00,0.00,0.00
22.208,0.17,0.59,0.00,0.00,0.00,0.00,0.00,0.00
22.231,0.17,0.59,0.00,0.00,0.00,0.00,0.00,0.00
22.256,0.17,0.59,0.00,0.00,0.00,0.00,0.00,0.00
22.282,0.17,0.59,0.00,0.00,0.00,0.00,0.00,0.00
22.307,0.17,0.59,0.00,0.00,0.00,0.00,0.00,0.00
22.334,0.17,0.59,0.00,0.00,0.00,0.00,0.00,0.00
22.361,0.17,0.59,0.00,0.00,0.00,0.00,0.00,0.00
22.387,0.17,0.59,0.00,0.00,0.00,0.00,0.00,0.00
22.417,0.17,0.59,0.00,0.00,0.00,0.00,0.00,0.00
22.445,0.17,0.59,0.00,0.00,0.00,0.00,0.00,0.00
22.473,0.17,0.59,0.00,0.00,0.00,0.00,0.00,0.00
22.500,0.17,0.59,0.00,0.00,0.00,0.00,0.00,0.00
22.523,0.17,0.59,0.00,0.00,0.00,0.00,0.00,0.00
22.548,0.17,0.59,0.00,0.00,0.00,0.00,0.00,0.00
22.577,0.17,0.59,0.00,0.00,0.00,0.00,0.00,0.00
22.605,0.17,0.59,0.00,0.00,0.00,0.00,0.00,0.00
22.630,0.17,0.59,0.00,0.00,0.00,0.00,0.00,0.00
22.654,0.17,0.59,0.00,0.00,0.00,0.00,0.00,0.00
22.681,0.17,0.59,0.00,0.00,0.00,0.00,0.00,0.00
22.707,0.17,0.59,0.00,0.00,0.00,0.00,0.00,0.00
22.728,0.17,0.59,0.00,0.00,0.00,0.00,0.00,0.00
22.759,0.17,0.59,0.00,0.00,0.00,0.00,0.00,0.00
22.787,0.17,0.59,0.00,0.00,0.00,0.00,0.00,0.00
22.814,0.17,0.59,0.00,0.00,0.00,0.00,0.00,0.00
22.841,0.17,0.59,0.00,0.00,0.00,0.00,0.00,0.00
22.872,0.17,0.59,0.00,0.00,0.00,0.00,0.00,0.00
22.898,0.17,0.59,0.00,0.00,0.00,0.00,0.00,0.00
22.925,0.17,0.59,0.00,0.00,0.00,0.00,0.00,0.00
22.951,0.17,0.59,0.00,0.00,0.00,0.00,0.00,0.00
22.977,0.17,0.59,0.00,0.00,0.00,0.00,0.00,0.00
23.004,0.17,0.59,0.00,0.00,0.00,0.00,0.00,0.00
23.031,0.17,0.59,0.00,0.00,0.00,0.00,0.00,0.00
23.058,0.17,0.59,0.00,0.00,0.00,0.00,0.00,0.00
23.084,0.17,0.59,0.00,0.00,0.00,0.00,0.00,0.00
23.111,0.17,0.59,0.00,0.00,0.00,0.00,0.00,0.00
23.136,0.17,0.59,0.00,0.00,0.00,0.00,0.00,0.00
23.159,0.17,0.59,0.00,0.00,0.00,0.00,0.00,0.00
23.189,0.17,0.59,0.00,0.00,0.00,0.00,0.00,0.00
23.218,0.17,0.59,0.00,0.00,0.00,0.00,0.00,0.00
23.243,0.17,0.59,0.00,0.00,0.00,0.00,0.00,0.00
23.272,0.17,0.59,0.00,0.00,0.00,0.00,0.00,0.00
23.298,0.17,0.59,0.00,0.00,0.00,0.00,0.00,0.00
23.320,0.17,0.59,0.00,0.00,0.00,0.00,0.00,0.00
23.345,0.17,0.59,0.00,0.00,0.00,0.00,0.00,0.00
23.374,0.17,0.59,0.00,0.00,0.00,0.00,0.00,0.00
23.397,0.17,0.59,0.00,0.00,0.00,0.00,0.00,0.00
23.424,0.17,0.59,0.00,0.00,0.00,0.00,0.00,0.00
23.451,0.17,0.59,0.00,0.00,0.00,0.00,0.00,0.00
23.477,0.17,0.59,0.00,0.00,0.00,0.00,0.00,0.00
23.510,0.17,0.59,0.00,0.00,0.00,0.00,0.00,0.00
23.534,0.17,0.59,0.00,0.00,0.00,0.00,0.00,0.00
23.556,0.17,0.59,0.00,0.00,0.00,0.00,0.00,0.00
23.584,0.17,0.59,0.00,0.00,0.00,0.00,0.00,0.00
23.613,0.17,0.59,0.00,0.00,0.00,0.00,0.00,0.00
23.641,0.17,0.59,0.00,0.00,0.00,0.00,0.00,0.00
23.671,0.17,0.59,0.00,0.00,0.00,0.00,0.00,0.00
23.700,0.17,0.59,0.00,0.00,0.00,0.00,0.00,0.00
23.725,0.17,0.59,0.00,0.00,0.00,0.00,0.00,0.00
23.753,0.17,0.59,0.00,0.00,0.00,0.00,0.00,0.00
23.777,0.17,0.59,0.00,0.00,0.00,0.00,0.00,0.00
23.805,0.17,0.59,0.00,0.00,0.00,0.00,0.00,0.00
23.832,0.17,0.59,0.00,0.00,0.00,0.00,0.00,0.00
23.856,0.17,0.59,0.00,0.00,0.00,0.00,0.00,0.00
23.884,0.17,0.59,0.00,0.00,0.00,0.00,0.00,0.00
23.912,0.17,0.59,0.00,0.00,0.00,0.00,0.00,0.00
23.940,0.17,0.59,0.00,0.00,0.00,0.00,0.00,0.00
23.964,0.17,0.59,0.00,0.00,0.00,0.00,0.00,0.00
23.997,0.17,0.59,0.00,0.00,0.00,0.00,0.00,0.00
24.022,0.17,0.59,0.00,0.00,0.00,0.00,0.00,0.00
24.049,0.17,0.59,0.00,0.00,0.00,0.00,0.00,0.00
24.075,0.17,0.59,0.00,0.00,0.00,0.00,0.00,0.00
24.100,0.17,0.59,0.00,0.00,0.00,0.00,0.00,0.00
24.123,0.17,0.59,0.00,0.00,0.00,0.00,0.00,0.00
24.151,0.17,0.59,0.00,0.00,0.00,0.00,0.00,0.00
24.172,0.17,0.59,0.00,0.00,0.00,0.00,0.00,0.00
24.201,0.17,0.59,0.00,0.00,0.00,0.00,0.00,0.00
24.226,0.17,0.59,0.00,0.00,0.00,0.00,0.00,0.00
24.252,0.17,0.59,0.00,0.00,0.00,0.00,0.00,0.00
24.275,0.17,0.59,0.00,0.00,0.00,0.00,0.00,0.00
24.298,0.17,0.59,0.00,0.00,0.00,0.00,0.00,0.00
24.321,0.17,0.59,0.00,0.00,0.00,0.00,0.00,0.00
24.359,0.17,0.59,0.00,0.00,0.00,0.00,0.00,0.00
24.381,0.17,0.59,0.00,0.00,0.00,0.00,0.00,0.00
24.404,0.17,0.59,0.00,0.00,0.00,0.00,0.00,0.00
24.434,0.17,0.59,0.00,0.00,0.00,0.00,0.00,0.00
